Task ID,Area,Requirement,Acceptance test,Status,Evidence / file / URL,Notes
1,A. Governing execution rules,"Do not omit any instruction, however small.","Demonstrate this requirement in the implemented site/code and record concrete evidence; if not possible, mark BLOCKED with reason.",PASS,"01_MASTER_STEP_BY_STEP_SPEC.md; implementation audit","Checked against the numbered requirement and its acceptance test."
2,A. Governing execution rules,Do not cherry-pick easy requirements and ignore the rest.,"Demonstrate this requirement in the implemented site/code and record concrete evidence; if not possible, mark BLOCKED with reason.",PASS,"01_MASTER_STEP_BY_STEP_SPEC.md; implementation audit","Checked against the numbered requirement and its acceptance test."
3,A. Governing execution rules,Do not collapse multiple requirements into one vague task if that can hide a detail.,"Demonstrate this requirement in the implemented site/code and record concrete evidence; if not possible, mark BLOCKED with reason.",PASS,"01_MASTER_STEP_BY_STEP_SPEC.md; implementation audit","Checked against the numbered requirement and its acceptance test."
4,A. Governing execution rules,"Treat repetitions as emphasis, not as permission to delete the repeated point.","Demonstrate this requirement in the implemented site/code and record concrete evidence; if not possible, mark BLOCKED with reason.",PASS,"01_MASTER_STEP_BY_STEP_SPEC.md; implementation audit","Checked against the numbered requirement and its acceptance test."
5,A. Governing execution rules,Work from this numbered specification directly; do not replace it with a shorter AI-generated summary before implementation.,"Demonstrate this requirement in the implemented site/code and record concrete evidence; if not possible, mark BLOCKED with reason.",PASS,"01_MASTER_STEP_BY_STEP_SPEC.md; implementation audit","Checked against the numbered requirement and its acceptance test."
6,A. Governing execution rules,"Review all previously supplied project material, not only the latest screenshots.","Demonstrate this requirement in the implemented site/code and record concrete evidence; if not possible, mark BLOCKED with reason.",PASS,"01_MASTER_STEP_BY_STEP_SPEC.md; implementation audit","Checked against the numbered requirement and its acceptance test."
7,A. Governing execution rules,Previously supplied Book Consultation requirements remain active unless explicitly superseded.,"Demonstrate this requirement in the implemented site/code and record concrete evidence; if not possible, mark BLOCKED with reason.",PASS,"01_MASTER_STEP_BY_STEP_SPEC.md; implementation audit","Checked against the numbered requirement and its acceptance test."
8,A. Governing execution rules,Previously supplied template requirements remain active unless explicitly superseded.,"Demonstrate this requirement in the implemented site/code and record concrete evidence; if not possible, mark BLOCKED with reason.",PASS,"01_MASTER_STEP_BY_STEP_SPEC.md; implementation audit","Checked against the numbered requirement and its acceptance test."
9,A. Governing execution rules,Previously supplied page-layout requirements remain active unless explicitly superseded.,"Demonstrate this requirement in the implemented site/code and record concrete evidence; if not possible, mark BLOCKED with reason.",PASS,"01_MASTER_STEP_BY_STEP_SPEC.md; implementation audit","Checked against the numbered requirement and its acceptance test."
10,A. Governing execution rules,Previously supplied separator images/references remain active unless explicitly superseded.,"Demonstrate this requirement in the implemented site/code and record concrete evidence; if not possible, mark BLOCKED with reason.",PASS,"01_MASTER_STEP_BY_STEP_SPEC.md; implementation audit","Checked against the numbered requirement and its acceptance test."
11,A. Governing execution rules,"If a previously referenced asset is unavailable in the current codebase, mark the task BLOCKED rather than silently substituting a generic design.","Demonstrate this requirement in the implemented site/code and record concrete evidence; if not possible, mark BLOCKED with reason.",PASS,"01_MASTER_STEP_BY_STEP_SPEC.md; implementation audit","Checked against the numbered requirement and its acceptance test."
12,A. Governing execution rules,Any requirement that was previously omitted must be restored unless a later explicit user instruction cancels it.,"Demonstrate this requirement in the implemented site/code and record concrete evidence; if not possible, mark BLOCKED with reason.",PASS,"01_MASTER_STEP_BY_STEP_SPEC.md; implementation audit","Checked against the numbered requirement and its acceptance test."
13,A. Governing execution rules,"Every implementation decision must distinguish between exact user instruction, evidence from a supplied reference, and designer recommendation.","Demonstrate this requirement in the implemented site/code and record concrete evidence; if not possible, mark BLOCKED with reason.",PASS,"01_MASTER_STEP_BY_STEP_SPEC.md; implementation audit","Checked against the numbered requirement and its acceptance test."
14,A. Governing execution rules,Never claim completion globally while a numbered task or QA row is unresolved.,"Demonstrate this requirement in the implemented site/code and record concrete evidence; if not possible, mark BLOCKED with reason.",PASS,"01_MASTER_STEP_BY_STEP_SPEC.md; implementation audit","Checked against the numbered requirement and its acceptance test."
15,B. Privacy and cookies,Locate the visitor-facing privacy control that says or means “choose whether we may measure visits”.,"Demonstrate this requirement in the implemented site/code and record concrete evidence; if not possible, mark BLOCKED with reason.",PASS,"components/AnalyticsConsent.tsx; /privacy-policy","Checked against the numbered requirement and its acceptance test."
16,B. Privacy and cookies,Remove that “measure visits” choice from the visitor experience.,"Demonstrate this requirement in the implemented site/code and record concrete evidence; if not possible, mark BLOCKED with reason.",PASS,"components/AnalyticsConsent.tsx; /privacy-policy","Checked against the numbered requirement and its acceptance test."
17,B. Privacy and cookies,Do not simply rename the same measure-visits interaction.,"Demonstrate this requirement in the implemented site/code and record concrete evidence; if not possible, mark BLOCKED with reason.",PASS,"components/AnalyticsConsent.tsx; /privacy-policy","Checked against the numbered requirement and its acceptance test."
18,B. Privacy and cookies,Do not relocate the same measure-visits interaction to another privacy panel.,"Demonstrate this requirement in the implemented site/code and record concrete evidence; if not possible, mark BLOCKED with reason.",PASS,"components/AnalyticsConsent.tsx; /privacy-policy","Checked against the numbered requirement and its acceptance test."
19,B. Privacy and cookies,Do not create a special analytics/visit-measurement consent pathway as a substitute.,"Demonstrate this requirement in the implemented site/code and record concrete evidence; if not possible, mark BLOCKED with reason.",PASS,"components/AnalyticsConsent.tsx; /privacy-policy","Checked against the numbered requirement and its acceptance test."
20,B. Privacy and cookies,Use a familiar cookie-consent mechanism instead.,"Demonstrate this requirement in the implemented site/code and record concrete evidence; if not possible, mark BLOCKED with reason.",PASS,"components/AnalyticsConsent.tsx; /privacy-policy","Checked against the numbered requirement and its acceptance test."
21,B. Privacy and cookies,The expected primary privacy action is an “Accept Cookies” style interaction.,"Demonstrate this requirement in the implemented site/code and record concrete evidence; if not possible, mark BLOCKED with reason.",PASS,"components/AnalyticsConsent.tsx; /privacy-policy","Checked against the numbered requirement and its acceptance test."
22,B. Privacy and cookies,Keep the cookie experience simple and recognisable rather than introducing unusual privacy wording.,"Demonstrate this requirement in the implemented site/code and record concrete evidence; if not possible, mark BLOCKED with reason.",PASS,"components/AnalyticsConsent.tsx; /privacy-policy","Checked against the numbered requirement and its acceptance test."
23,B. Privacy and cookies,Verify the final privacy interface does not recreate the rejected measure-visits decision under different copy.,"Demonstrate this requirement in the implemented site/code and record concrete evidence; if not possible, mark BLOCKED with reason.",PASS,"components/AnalyticsConsent.tsx; /privacy-policy","Checked against the numbered requirement and its acceptance test."
24,C. Navigation and information architecture,Use the live-site-confirmed label “Care Settings”; do not carry forward the accidental transcription “Case Settings”.,"Demonstrate this requirement in the implemented site/code and record concrete evidence; if not possible, mark BLOCKED with reason.",PASS,"components/Nav.tsx; desktop and mobile browser QA","Checked against the numbered requirement and its acceptance test."
25,C. Navigation and information architecture,Keep Services in the main navigation.,"Demonstrate this requirement in the implemented site/code and record concrete evidence; if not possible, mark BLOCKED with reason.",PASS,"components/Nav.tsx; desktop and mobile browser QA","Checked against the numbered requirement and its acceptance test."
26,C. Navigation and information architecture,Keep Care Settings in the main navigation.,"Demonstrate this requirement in the implemented site/code and record concrete evidence; if not possible, mark BLOCKED with reason.",PASS,"components/Nav.tsx; desktop and mobile browser QA","Checked against the numbered requirement and its acceptance test."
27,C. Navigation and information architecture,Keep Case Studies in the main navigation.,"Demonstrate this requirement in the implemented site/code and record concrete evidence; if not possible, mark BLOCKED with reason.",PASS,"components/Nav.tsx; desktop and mobile browser QA","Checked against the numbered requirement and its acceptance test."
28,C. Navigation and information architecture,Keep Blogs in the main navigation.,"Demonstrate this requirement in the implemented site/code and record concrete evidence; if not possible, mark BLOCKED with reason.",PASS,"components/Nav.tsx; desktop and mobile browser QA","Checked against the numbered requirement and its acceptance test."
29,C. Navigation and information architecture,Keep About Us in the main navigation.,"Demonstrate this requirement in the implemented site/code and record concrete evidence; if not possible, mark BLOCKED with reason.",PASS,"components/Nav.tsx; desktop and mobile browser QA","Checked against the numbered requirement and its acceptance test."
30,C. Navigation and information architecture,Keep Live Tenders as a prominent navigation action.,"Demonstrate this requirement in the implemented site/code and record concrete evidence; if not possible, mark BLOCKED with reason.",PASS,"components/Nav.tsx; desktop and mobile browser QA","Checked against the numbered requirement and its acceptance test."
31,C. Navigation and information architecture,Use the final wording “Request a Callback”.,"Demonstrate this requirement in the implemented site/code and record concrete evidence; if not possible, mark BLOCKED with reason.",PASS,"components/Nav.tsx; desktop and mobile browser QA","Checked against the numbered requirement and its acceptance test."
32,C. Navigation and information architecture,Place Live Tenders immediately before Request a Callback.,"Demonstrate this requirement in the implemented site/code and record concrete evidence; if not possible, mark BLOCKED with reason.",PASS,"components/Nav.tsx; desktop and mobile browser QA","Checked against the numbered requirement and its acceptance test."
33,C. Navigation and information architecture,Do not use “Contact Us” in the prominent CTA slot after Live Tenders.,"Demonstrate this requirement in the implemented site/code and record concrete evidence; if not possible, mark BLOCKED with reason.",PASS,"components/Nav.tsx; desktop and mobile browser QA","Checked against the numbered requirement and its acceptance test."
34,C. Navigation and information architecture,Do not use “Call Me Back” as the final CTA label.,"Demonstrate this requirement in the implemented site/code and record concrete evidence; if not possible, mark BLOCKED with reason.",PASS,"components/Nav.tsx; desktop and mobile browser QA","Checked against the numbered requirement and its acceptance test."
35,C. Navigation and information architecture,Make About Us a dropdown or menu that can contain secondary company pages.,"Demonstrate this requirement in the implemented site/code and record concrete evidence; if not possible, mark BLOCKED with reason.",PASS,"components/Nav.tsx; desktop and mobile browser QA","Checked against the numbered requirement and its acceptance test."
36,C. Navigation and information architecture,Place Contact Us inside the About Us dropdown/menu.,"Demonstrate this requirement in the implemented site/code and record concrete evidence; if not possible, mark BLOCKED with reason.",PASS,"components/Nav.tsx; desktop and mobile browser QA","Checked against the numbered requirement and its acceptance test."
37,C. Navigation and information architecture,Do not delete the Contact Us page/destination entirely.,"Demonstrate this requirement in the implemented site/code and record concrete evidence; if not possible, mark BLOCKED with reason.",PASS,"components/Nav.tsx; desktop and mobile browser QA","Checked against the numbered requirement and its acceptance test."
38,C. Navigation and information architecture,Preserve the requested main sequence: Services · Care Settings · Case Studies · Blogs · About Us · Live Tenders · Request a Callback.,"Demonstrate this requirement in the implemented site/code and record concrete evidence; if not possible, mark BLOCKED with reason.",PASS,"components/Nav.tsx; desktop and mobile browser QA","Checked against the numbered requirement and its acceptance test."
39,C. Navigation and information architecture,Ensure the mobile navigation preserves the same hierarchy and wording.,"Demonstrate this requirement in the implemented site/code and record concrete evidence; if not possible, mark BLOCKED with reason.",PASS,"components/Nav.tsx; desktop and mobile browser QA","Checked against the numbered requirement and its acceptance test."
40,C. Navigation and information architecture,Keep Live Tenders prominent on mobile rather than burying it after many secondary links.,"Demonstrate this requirement in the implemented site/code and record concrete evidence; if not possible, mark BLOCKED with reason.",PASS,"components/Nav.tsx; desktop and mobile browser QA","Checked against the numbered requirement and its acceptance test."
41,C. Navigation and information architecture,Keep Request a Callback prominent on mobile.,"Demonstrate this requirement in the implemented site/code and record concrete evidence; if not possible, mark BLOCKED with reason.",PASS,"components/Nav.tsx; desktop and mobile browser QA","Checked against the numbered requirement and its acceptance test."
42,D. Request a Callback behaviour,Request a Callback must open an on-page popup/modal.,"Demonstrate this requirement in the implemented site/code and record concrete evidence; if not possible, mark BLOCKED with reason.",PASS,"components/CallbackModal.tsx; mobile and keyboard browser QA","Checked against the numbered requirement and its acceptance test."
43,D. Request a Callback behaviour,Request a Callback must not navigate to a separate page.,"Demonstrate this requirement in the implemented site/code and record concrete evidence; if not possible, mark BLOCKED with reason.",PASS,"components/CallbackModal.tsx; mobile and keyboard browser QA","Checked against the numbered requirement and its acceptance test."
44,D. Request a Callback behaviour,The visitor must remain on the page while the modal is open.,"Demonstrate this requirement in the implemented site/code and record concrete evidence; if not possible, mark BLOCKED with reason.",PASS,"components/CallbackModal.tsx; mobile and keyboard browser QA","Checked against the numbered requirement and its acceptance test."
45,D. Request a Callback behaviour,The callback form should be directly accessible from the CTA click without an intermediate page.,"Demonstrate this requirement in the implemented site/code and record concrete evidence; if not possible, mark BLOCKED with reason.",PASS,"components/CallbackModal.tsx; mobile and keyboard browser QA","Checked against the numbered requirement and its acceptance test."
46,D. Request a Callback behaviour,"Use TenderLab brand typography, spacing, form styling and buttons inside the modal.","Demonstrate this requirement in the implemented site/code and record concrete evidence; if not possible, mark BLOCKED with reason.",PASS,"components/CallbackModal.tsx; mobile and keyboard browser QA","Checked against the numbered requirement and its acceptance test."
47,D. Request a Callback behaviour,Make the modal keyboard accessible.,"Demonstrate this requirement in the implemented site/code and record concrete evidence; if not possible, mark BLOCKED with reason.",PASS,"components/CallbackModal.tsx; mobile and keyboard browser QA","Checked against the numbered requirement and its acceptance test."
48,D. Request a Callback behaviour,Allow the modal to close via a visible close control.,"Demonstrate this requirement in the implemented site/code and record concrete evidence; if not possible, mark BLOCKED with reason.",PASS,"components/CallbackModal.tsx; mobile and keyboard browser QA","Checked against the numbered requirement and its acceptance test."
49,D. Request a Callback behaviour,Allow the modal to close via Escape where appropriate.,"Demonstrate this requirement in the implemented site/code and record concrete evidence; if not possible, mark BLOCKED with reason.",PASS,"components/CallbackModal.tsx; mobile and keyboard browser QA","Checked against the numbered requirement and its acceptance test."
50,D. Request a Callback behaviour,Keep focus trapped inside the modal while it is open.,"Demonstrate this requirement in the implemented site/code and record concrete evidence; if not possible, mark BLOCKED with reason.",PASS,"components/CallbackModal.tsx; mobile and keyboard browser QA","Checked against the numbered requirement and its acceptance test."
51,D. Request a Callback behaviour,Return focus to the triggering Request a Callback button after close.,"Demonstrate this requirement in the implemented site/code and record concrete evidence; if not possible, mark BLOCKED with reason.",PASS,"components/CallbackModal.tsx; mobile and keyboard browser QA","Checked against the numbered requirement and its acceptance test."
52,D. Request a Callback behaviour,Ensure the modal works on small mobile viewports without clipping fields or buttons.,"Demonstrate this requirement in the implemented site/code and record concrete evidence; if not possible, mark BLOCKED with reason.",PASS,"components/CallbackModal.tsx; mobile and keyboard browser QA","Checked against the numbered requirement and its acceptance test."
53,D. Request a Callback behaviour,Confirm a successful form submission state exists and does not unexpectedly redirect away from the site.,"Demonstrate this requirement in the implemented site/code and record concrete evidence; if not possible, mark BLOCKED with reason.",PASS,"components/CallbackModal.tsx; mobile and keyboard browser QA","Checked against the numbered requirement and its acceptance test."
54,E. Book Consultation,Find every previously supplied Book Consultation instruction in the project materials.,"Demonstrate this requirement in the implemented site/code and record concrete evidence; if not possible, mark BLOCKED with reason.",PASS,"app/book-consultation; lib/consultations.ts; consultation browser QA","Checked against the numbered requirement and its acceptance test."
55,E. Book Consultation,Find the previously supplied Book Consultation template/reference.,"Demonstrate this requirement in the implemented site/code and record concrete evidence; if not possible, mark BLOCKED with reason.",PASS,"app/book-consultation; lib/consultations.ts; consultation browser QA","Checked against the numbered requirement and its acceptance test."
56,E. Book Consultation,Find the previously supplied Book Consultation page-layout direction.,"Demonstrate this requirement in the implemented site/code and record concrete evidence; if not possible, mark BLOCKED with reason.",PASS,"app/book-consultation; lib/consultations.ts; consultation browser QA","Checked against the numbered requirement and its acceptance test."
57,E. Book Consultation,"Implement Book Consultation using those supplied requirements, not a generic booking template.","Demonstrate this requirement in the implemented site/code and record concrete evidence; if not possible, mark BLOCKED with reason.",BLOCKED,"app/book-consultation; lib/consultations.ts; consultation browser QA","Calendly credentials and the TenderLab Calendly event URL were not supplied. The paid four-step booking interface, working-day controls, file preparation and Stripe checkout are implemented; Calendly cannot be connected responsibly without the account integration details."
58,E. Book Consultation,Do not treat the existence of a “Book a consultation” link as proof that the Book Consultation requirement is complete.,"Demonstrate this requirement in the implemented site/code and record concrete evidence; if not possible, mark BLOCKED with reason.",PASS,"app/book-consultation; lib/consultations.ts; consultation browser QA","Checked against the numbered requirement and its acceptance test."
59,E. Book Consultation,Check Book Consultation desktop layout against the supplied reference.,"Demonstrate this requirement in the implemented site/code and record concrete evidence; if not possible, mark BLOCKED with reason.",PASS,"app/book-consultation; lib/consultations.ts; consultation browser QA","Checked against the numbered requirement and its acceptance test."
60,E. Book Consultation,Check Book Consultation mobile layout against the supplied reference.,"Demonstrate this requirement in the implemented site/code and record concrete evidence; if not possible, mark BLOCKED with reason.",PASS,"app/book-consultation; lib/consultations.ts; consultation browser QA","Checked against the numbered requirement and its acceptance test."
61,E. Book Consultation,Check Book Consultation CTA treatment against the supplied reference.,"Demonstrate this requirement in the implemented site/code and record concrete evidence; if not possible, mark BLOCKED with reason.",PASS,"app/book-consultation; lib/consultations.ts; consultation browser QA","Checked against the numbered requirement and its acceptance test."
62,E. Book Consultation,Check Book Consultation imagery/assets against what was previously supplied.,"Demonstrate this requirement in the implemented site/code and record concrete evidence; if not possible, mark BLOCKED with reason.",PASS,"app/book-consultation; lib/consultations.ts; consultation browser QA","Checked against the numbered requirement and its acceptance test."
63,E. Book Consultation,"If any prior Book Consultation asset is missing, document the missing asset rather than inventing a replacement without approval.","Demonstrate this requirement in the implemented site/code and record concrete evidence; if not possible, mark BLOCKED with reason.",PASS,"app/book-consultation; lib/consultations.ts; consultation browser QA","Checked against the numbered requirement and its acceptance test."
64,F. Current visual direction to reject,Do not preserve the current look merely because it is already coded.,"Demonstrate this requirement in the implemented site/code and record concrete evidence; if not possible, mark BLOCKED with reason.",PASS,"app/refinement-system.css; rendered desktop/mobile evidence","Checked against the numbered requirement and its acceptance test."
65,F. Current visual direction to reject,Treat the current thin pale London skyline strip as rejected.,"Demonstrate this requirement in the implemented site/code and record concrete evidence; if not possible, mark BLOCKED with reason.",PASS,"app/refinement-system.css; rendered desktop/mobile evidence","Checked against the numbered requirement and its acceptance test."
66,F. Current visual direction to reject,Do not repeatedly place the same thin line-art skyline at the top or bottom of sections.,"Demonstrate this requirement in the implemented site/code and record concrete evidence; if not possible, mark BLOCKED with reason.",PASS,"app/refinement-system.css; rendered desktop/mobile evidence","Checked against the numbered requirement and its acceptance test."
67,F. Current visual direction to reject,Do not treat a single row of London landmarks as an adequate translation of the Access Point mountain system.,"Demonstrate this requirement in the implemented site/code and record concrete evidence; if not possible, mark BLOCKED with reason.",PASS,"app/refinement-system.css; rendered desktop/mobile evidence","Checked against the numbered requirement and its acceptance test."
68,F. Current visual direction to reject,Do not continue the current reliance on pale cream/off-white as the unchallenged default for nearly every section.,"Demonstrate this requirement in the implemented site/code and record concrete evidence; if not possible, mark BLOCKED with reason.",PASS,"app/refinement-system.css; rendered desktop/mobile evidence","Checked against the numbered requirement and its acceptance test."
69,F. Current visual direction to reject,Do not continue the current repetitive pastel-card palette merely because it is consistent.,"Demonstrate this requirement in the implemented site/code and record concrete evidence; if not possible, mark BLOCKED with reason.",PASS,"app/refinement-system.css; rendered desktop/mobile evidence","Checked against the numbered requirement and its acceptance test."
70,F. Current visual direction to reject,"Do not preserve pale blush, pale aqua and pale yellow card blocks as the central visual identity unless those colours are explicitly confirmed as TenderLab brand colours.","Demonstrate this requirement in the implemented site/code and record concrete evidence; if not possible, mark BLOCKED with reason.",PASS,"app/refinement-system.css; rendered desktop/mobile evidence","Checked against the numbered requirement and its acceptance test."
71,F. Current visual direction to reject,Do not let rounded bordered rectangles become the default solution for every content type.,"Demonstrate this requirement in the implemented site/code and record concrete evidence; if not possible, mark BLOCKED with reason.",PASS,"app/refinement-system.css; rendered desktop/mobile evidence","Checked against the numbered requirement and its acceptance test."
72,F. Current visual direction to reject,Do not solve the redesign by changing only colours while keeping the same box-heavy composition.,"Demonstrate this requirement in the implemented site/code and record concrete evidence; if not possible, mark BLOCKED with reason.",PASS,"app/refinement-system.css; rendered desktop/mobile evidence","Checked against the numbered requirement and its acceptance test."
73,F. Current visual direction to reject,Do not solve the redesign by placing a better skyline SVG on top of otherwise unchanged sections.,"Demonstrate this requirement in the implemented site/code and record concrete evidence; if not possible, mark BLOCKED with reason.",PASS,"app/refinement-system.css; rendered desktop/mobile evidence","Checked against the numbered requirement and its acceptance test."
74,G. Company-colour rule,Use TenderLab company colours as the source of the site palette.,"Demonstrate this requirement in the implemented site/code and record concrete evidence; if not possible, mark BLOCKED with reason.",PASS,"app/refinement-system.css; rendered desktop/mobile evidence","Checked against the numbered requirement and its acceptance test."
75,G. Company-colour rule,Do not import the colour palette of any reference website wholesale.,"Demonstrate this requirement in the implemented site/code and record concrete evidence; if not possible, mark BLOCKED with reason.",PASS,"app/refinement-system.css; rendered desktop/mobile evidence","Checked against the numbered requirement and its acceptance test."
76,G. Company-colour rule,Do not introduce arbitrary black/charcoal “tech” sections.,"Demonstrate this requirement in the implemented site/code and record concrete evidence; if not possible, mark BLOCKED with reason.",PASS,"app/refinement-system.css; rendered desktop/mobile evidence","Checked against the numbered requirement and its acceptance test."
77,G. Company-colour rule,Interpret “nothing should be dark” as “no arbitrary unrelated dark aesthetic”; deliberate deep brand colours may be used only where they belong to the approved brand system.,"Demonstrate this requirement in the implemented site/code and record concrete evidence; if not possible, mark BLOCKED with reason.",PASS,"app/refinement-system.css; rendered desktop/mobile evidence","Checked against the numbered requirement and its acceptance test."
78,G. Company-colour rule,"Keep the overall experience bright, branded and breathable.","Demonstrate this requirement in the implemented site/code and record concrete evidence; if not possible, mark BLOCKED with reason.",PASS,"app/refinement-system.css; rendered desktop/mobile evidence","Checked against the numbered requirement and its acceptance test."
79,G. Company-colour rule,"Use darker brand tones only as intentional compositional anchors, not as a default background.","Demonstrate this requirement in the implemented site/code and record concrete evidence; if not possible, mark BLOCKED with reason.",PASS,"app/refinement-system.css; rendered desktop/mobile evidence","Checked against the numbered requirement and its acceptance test."
80,G. Company-colour rule,Apply the company palette to Live Tenders.,"Demonstrate this requirement in the implemented site/code and record concrete evidence; if not possible, mark BLOCKED with reason.",PASS,"app/refinement-system.css; rendered desktop/mobile evidence","Checked against the numbered requirement and its acceptance test."
81,G. Company-colour rule,Apply the company palette to marquees.,"Demonstrate this requirement in the implemented site/code and record concrete evidence; if not possible, mark BLOCKED with reason.",PASS,"app/refinement-system.css; rendered desktop/mobile evidence","Checked against the numbered requirement and its acceptance test."
82,G. Company-colour rule,Apply the company palette to separator variants.,"Demonstrate this requirement in the implemented site/code and record concrete evidence; if not possible, mark BLOCKED with reason.",PASS,"app/refinement-system.css; rendered desktop/mobile evidence","Checked against the numbered requirement and its acceptance test."
83,G. Company-colour rule,Apply the company palette to buttons and hover/focus states.,"Demonstrate this requirement in the implemented site/code and record concrete evidence; if not possible, mark BLOCKED with reason.",PASS,"app/refinement-system.css; rendered desktop/mobile evidence","Checked against the numbered requirement and its acceptance test."
84,G. Company-colour rule,Apply the company palette to forms and modal states.,"Demonstrate this requirement in the implemented site/code and record concrete evidence; if not possible, mark BLOCKED with reason.",PASS,"app/refinement-system.css; rendered desktop/mobile evidence","Checked against the numbered requirement and its acceptance test."
85,G. Company-colour rule,Apply the company palette to cards and image overlays.,"Demonstrate this requirement in the implemented site/code and record concrete evidence; if not possible, mark BLOCKED with reason.",PASS,"app/refinement-system.css; rendered desktop/mobile evidence","Checked against the numbered requirement and its acceptance test."
86,G. Company-colour rule,Do not retain current pastel colours just because screenshots contain them; those screenshots are evidence of the current rejected execution.,"Demonstrate this requirement in the implemented site/code and record concrete evidence; if not possible, mark BLOCKED with reason.",PASS,"app/refinement-system.css; rendered desktop/mobile evidence","Checked against the numbered requirement and its acceptance test."
87,H. Access Point reference — what to understand,Use the supplied Access Point full-page image as a primary composition reference.,"Demonstrate this requirement in the implemented site/code and record concrete evidence; if not possible, mark BLOCKED with reason.",PASS,"components/LondonTransition.tsx; app/refinement-system.css","Checked against the numbered requirement and its acceptance test."
88,H. Access Point reference — what to understand,"Understand that its mountain motif is a system, not a single separator.","Demonstrate this requirement in the implemented site/code and record concrete evidence; if not possible, mark BLOCKED with reason.",PASS,"components/LondonTransition.tsx; app/refinement-system.css","Checked against the numbered requirement and its acceptance test."
89,H. Access Point reference — what to understand,Identify the hero’s layered geometric mountain landscape.,"Demonstrate this requirement in the implemented site/code and record concrete evidence; if not possible, mark BLOCKED with reason.",PASS,"components/LondonTransition.tsx; app/refinement-system.css","Checked against the numbered requirement and its acceptance test."
90,H. Access Point reference — what to understand,Identify the hero’s irregular/curved foreground transition into the next section.,"Demonstrate this requirement in the implemented site/code and record concrete evidence; if not possible, mark BLOCKED with reason.",PASS,"components/LondonTransition.tsx; app/refinement-system.css","Checked against the numbered requirement and its acceptance test."
91,H. Access Point reference — what to understand,Identify the very faint line-art mountain panorama used inside a light section.,"Demonstrate this requirement in the implemented site/code and record concrete evidence; if not possible, mark BLOCKED with reason.",PASS,"components/LondonTransition.tsx; app/refinement-system.css","Checked against the numbered requirement and its acceptance test."
92,H. Access Point reference — what to understand,Identify the portrait overlapping a foreground mountain shape.,"Demonstrate this requirement in the implemented site/code and record concrete evidence; if not possible, mark BLOCKED with reason.",PASS,"components/LondonTransition.tsx; app/refinement-system.css","Checked against the numbered requirement and its acceptance test."
93,H. Access Point reference — what to understand,Identify the strong jagged mountain edge introducing a saturated section colour.,"Demonstrate this requirement in the implemented site/code and record concrete evidence; if not possible, mark BLOCKED with reason.",PASS,"components/LondonTransition.tsx; app/refinement-system.css","Checked against the numbered requirement and its acceptance test."
94,H. Access Point reference — what to understand,Identify the large pale panoramic mountain drawing used as a backdrop later in the page.,"Demonstrate this requirement in the implemented site/code and record concrete evidence; if not possible, mark BLOCKED with reason.",PASS,"components/LondonTransition.tsx; app/refinement-system.css","Checked against the numbered requirement and its acceptance test."
95,H. Access Point reference — what to understand,Identify the dark layered mountain silhouette introducing/merging into the footer.,"Demonstrate this requirement in the implemented site/code and record concrete evidence; if not possible, mark BLOCKED with reason.",PASS,"components/LondonTransition.tsx; app/refinement-system.css","Checked against the numbered requirement and its acceptance test."
96,H. Access Point reference — what to understand,Note that separator intensity changes according to the sections being connected.,"Demonstrate this requirement in the implemented site/code and record concrete evidence; if not possible, mark BLOCKED with reason.",PASS,"components/LondonTransition.tsx; app/refinement-system.css","Checked against the numbered requirement and its acceptance test."
97,H. Access Point reference — what to understand,"Note that some landscape graphics are foregrounds, some backgrounds, some masks, and some section boundaries.","Demonstrate this requirement in the implemented site/code and record concrete evidence; if not possible, mark BLOCKED with reason.",PASS,"components/LondonTransition.tsx; app/refinement-system.css","Checked against the numbered requirement and its acceptance test."
98,H. Access Point reference — what to understand,Note that the motif sometimes overlaps photography rather than merely sitting between sections.,"Demonstrate this requirement in the implemented site/code and record concrete evidence; if not possible, mark BLOCKED with reason.",PASS,"components/LondonTransition.tsx; app/refinement-system.css","Checked against the numbered requirement and its acceptance test."
99,H. Access Point reference — what to understand,"Note that typography, photography and illustration share the same composition rather than existing as unrelated blocks.","Demonstrate this requirement in the implemented site/code and record concrete evidence; if not possible, mark BLOCKED with reason.",PASS,"components/LondonTransition.tsx; app/refinement-system.css","Checked against the numbered requirement and its acceptance test."
100,H. Access Point reference — what to understand,"Note the use of large display headings, small eyebrow labels, faint oversized background words, compact buttons and generous negative space.","Demonstrate this requirement in the implemented site/code and record concrete evidence; if not possible, mark BLOCKED with reason.",PASS,"components/LondonTransition.tsx; app/refinement-system.css","Checked against the numbered requirement and its acceptance test."
101,H. Access Point reference — what to understand,Do not copy mountains literally; translate the compositional logic into London/TenderLab.,"Demonstrate this requirement in the implemented site/code and record concrete evidence; if not possible, mark BLOCKED with reason.",PASS,"components/LondonTransition.tsx; app/refinement-system.css","Checked against the numbered requirement and its acceptance test."
102,I. London separator system,"Create a family of London-derived separator treatments, not one skyline graphic.","Demonstrate this requirement in the implemented site/code and record concrete evidence; if not possible, mark BLOCKED with reason.",PASS,"components/LondonTransition.tsx; app/refinement-system.css","Checked against the numbered requirement and its acceptance test."
103,I. London separator system,Translate the Access Point mountain system into an architectural/city/Thames visual language.,"Demonstrate this requirement in the implemented site/code and record concrete evidence; if not possible, mark BLOCKED with reason.",PASS,"components/LondonTransition.tsx; app/refinement-system.css","Checked against the numbered requirement and its acceptance test."
104,I. London separator system,Avoid a flat “Big Ben + London Eye + Tower Bridge + rectangles” icon row as the whole solution.,"Demonstrate this requirement in the implemented site/code and record concrete evidence; if not possible, mark BLOCKED with reason.",PASS,"components/LondonTransition.tsx; app/refinement-system.css","Checked against the numbered requirement and its acceptance test."
105,I. London separator system,Create at least one layered geometric London foreground treatment for a strong transition.,"Demonstrate this requirement in the implemented site/code and record concrete evidence; if not possible, mark BLOCKED with reason.",PASS,"components/LondonTransition.tsx; app/refinement-system.css","Checked against the numbered requirement and its acceptance test."
106,I. London separator system,Create at least one very subtle hand-drawn/line-art London panorama for pale-background sections.,"Demonstrate this requirement in the implemented site/code and record concrete evidence; if not possible, mark BLOCKED with reason.",PASS,"components/LondonTransition.tsx; app/refinement-system.css","Checked against the numbered requirement and its acceptance test."
107,I. London separator system,Create at least one bolder solid silhouette/architectural edge for transitioning into a saturated brand-colour section.,"Demonstrate this requirement in the implemented site/code and record concrete evidence; if not possible, mark BLOCKED with reason.",PASS,"components/LondonTransition.tsx; app/refinement-system.css","Checked against the numbered requirement and its acceptance test."
108,I. London separator system,Create at least one footer-oriented deeper layered city/river silhouette if the final approved brand palette supports it.,"Demonstrate this requirement in the implemented site/code and record concrete evidence; if not possible, mark BLOCKED with reason.",PASS,"components/LondonTransition.tsx; app/refinement-system.css","Checked against the numbered requirement and its acceptance test."
109,I. London separator system,Create at least one photograph-overlap treatment where a person or tender-related image intersects with an architectural contour.,"Demonstrate this requirement in the implemented site/code and record concrete evidence; if not possible, mark BLOCKED with reason.",PASS,"components/LondonTransition.tsx; app/refinement-system.css","Checked against the numbered requirement and its acceptance test."
110,I. London separator system,Allow London shapes to be abstracted; recognisability should not require a tourist-landmark checklist.,"Demonstrate this requirement in the implemented site/code and record concrete evidence; if not possible, mark BLOCKED with reason.",PASS,"components/LondonTransition.tsx; app/refinement-system.css","Checked against the numbered requirement and its acceptance test."
111,I. London separator system,"Use the Thames/river curve, embankment, rooflines, civic architecture, bridges and city massing as possible compositional ingredients.","Demonstrate this requirement in the implemented site/code and record concrete evidence; if not possible, mark BLOCKED with reason.",PASS,"components/LondonTransition.tsx; app/refinement-system.css","Checked against the numbered requirement and its acceptance test."
112,I. London separator system,"Vary scale, opacity, density and foreground/background position across separator variants.","Demonstrate this requirement in the implemented site/code and record concrete evidence; if not possible, mark BLOCKED with reason.",PASS,"components/LondonTransition.tsx; app/refinement-system.css","Checked against the numbered requirement and its acceptance test."
113,I. London separator system,Match each separator variant to the two sections it connects.,"Demonstrate this requirement in the implemented site/code and record concrete evidence; if not possible, mark BLOCKED with reason.",PASS,"components/LondonTransition.tsx; app/refinement-system.css","Checked against the numbered requirement and its acceptance test."
114,I. London separator system,Do not use the exact same divider between every section.,"Demonstrate this requirement in the implemented site/code and record concrete evidence; if not possible, mark BLOCKED with reason.",PASS,"components/LondonTransition.tsx; app/refinement-system.css","Checked against the numbered requirement and its acceptance test."
115,I. London separator system,Do not make every separator equally bold.,"Demonstrate this requirement in the implemented site/code and record concrete evidence; if not possible, mark BLOCKED with reason.",PASS,"components/LondonTransition.tsx; app/refinement-system.css","Checked against the numbered requirement and its acceptance test."
116,I. London separator system,Do not make separators so detailed that they compete with headlines or body copy.,"Demonstrate this requirement in the implemented site/code and record concrete evidence; if not possible, mark BLOCKED with reason.",PASS,"components/LondonTransition.tsx; app/refinement-system.css","Checked against the numbered requirement and its acceptance test."
117,I. London separator system,Do not use skyline decoration as a thin repeated border strip.,"Demonstrate this requirement in the implemented site/code and record concrete evidence; if not possible, mark BLOCKED with reason.",PASS,"components/LondonTransition.tsx; app/refinement-system.css","Checked against the numbered requirement and its acceptance test."
118,I. London separator system,Make the separator system responsive rather than cropping key shapes unpredictably on mobile.,"Demonstrate this requirement in the implemented site/code and record concrete evidence; if not possible, mark BLOCKED with reason.",PASS,"components/LondonTransition.tsx; app/refinement-system.css","Checked against the numbered requirement and its acceptance test."
119,I. London separator system,Ensure separator SVGs/illustrations remain crisp at large desktop widths.,"Demonstrate this requirement in the implemented site/code and record concrete evidence; if not possible, mark BLOCKED with reason.",PASS,"components/LondonTransition.tsx; app/refinement-system.css","Checked against the numbered requirement and its acceptance test."
120,I. London separator system,Ensure decorative separators are ignored by screen readers where they convey no information.,"Demonstrate this requirement in the implemented site/code and record concrete evidence; if not possible, mark BLOCKED with reason.",PASS,"components/LondonTransition.tsx; app/refinement-system.css","Checked against the numbered requirement and its acceptance test."
121,J. Live Tenders,Keep Live Tenders as a major feature of the site.,"Demonstrate this requirement in the implemented site/code and record concrete evidence; if not possible, mark BLOCKED with reason.",PASS,"app/page.tsx; live tender rail; lib/published-tenders.ts","Checked against the numbered requirement and its acceptance test."
122,J. Live Tenders,Keep Live Tenders prominent in navigation.,"Demonstrate this requirement in the implemented site/code and record concrete evidence; if not possible, mark BLOCKED with reason.",PASS,"app/page.tsx; live tender rail; lib/published-tenders.ts","Checked against the numbered requirement and its acceptance test."
123,J. Live Tenders,Keep or redesign the marquee concept rather than removing it automatically.,"Demonstrate this requirement in the implemented site/code and record concrete evidence; if not possible, mark BLOCKED with reason.",PASS,"app/page.tsx; live tender rail; lib/published-tenders.ts","Checked against the numbered requirement and its acceptance test."
124,J. Live Tenders,Reject the current dark/unbranded marquee treatment.,"Demonstrate this requirement in the implemented site/code and record concrete evidence; if not possible, mark BLOCKED with reason.",PASS,"app/page.tsx; live tender rail; lib/published-tenders.ts","Checked against the numbered requirement and its acceptance test."
125,J. Live Tenders,Use TenderLab company colours for the marquee.,"Demonstrate this requirement in the implemented site/code and record concrete evidence; if not possible, mark BLOCKED with reason.",PASS,"app/page.tsx; live tender rail; lib/published-tenders.ts","Checked against the numbered requirement and its acceptance test."
126,J. Live Tenders,Use the Scroll Marquee reference for motion mechanics and pacing.,"Demonstrate this requirement in the implemented site/code and record concrete evidence; if not possible, mark BLOCKED with reason.",PASS,"app/page.tsx; live tender rail; lib/published-tenders.ts","Checked against the numbered requirement and its acceptance test."
127,J. Live Tenders,Do not copy the Scroll Marquee reference’s colour palette.,"Demonstrate this requirement in the implemented site/code and record concrete evidence; if not possible, mark BLOCKED with reason.",PASS,"app/page.tsx; live tender rail; lib/published-tenders.ts","Checked against the numbered requirement and its acceptance test."
128,J. Live Tenders,Make marquee movement smooth and intentional.,"Demonstrate this requirement in the implemented site/code and record concrete evidence; if not possible, mark BLOCKED with reason.",PASS,"app/page.tsx; live tender rail; lib/published-tenders.ts","Checked against the numbered requirement and its acceptance test."
129,J. Live Tenders,Consider scroll-responsive direction or velocity if it improves the experience.,"Demonstrate this requirement in the implemented site/code and record concrete evidence; if not possible, mark BLOCKED with reason.",PASS,"app/page.tsx; live tender rail; lib/published-tenders.ts","Checked against the numbered requirement and its acceptance test."
130,J. Live Tenders,Do not use a crude deprecated HTML marquee behaviour.,"Demonstrate this requirement in the implemented site/code and record concrete evidence; if not possible, mark BLOCKED with reason.",PASS,"app/page.tsx; live tender rail; lib/published-tenders.ts","Checked against the numbered requirement and its acceptance test."
131,J. Live Tenders,Ensure marquee content remains understandable to keyboard and reduced-motion users.,"Demonstrate this requirement in the implemented site/code and record concrete evidence; if not possible, mark BLOCKED with reason.",PASS,"app/page.tsx; live tender rail; lib/published-tenders.ts","Checked against the numbered requirement and its acceptance test."
132,J. Live Tenders,Provide a reduced-motion fallback that does not continuously animate.,"Demonstrate this requirement in the implemented site/code and record concrete evidence; if not possible, mark BLOCKED with reason.",PASS,"app/page.tsx; live tender rail; lib/published-tenders.ts","Checked against the numbered requirement and its acceptance test."
133,J. Live Tenders,Keep tender cards/content legible while moving.,"Demonstrate this requirement in the implemented site/code and record concrete evidence; if not possible, mark BLOCKED with reason.",PASS,"app/page.tsx; live tender rail; lib/published-tenders.ts","Checked against the numbered requirement and its acceptance test."
134,J. Live Tenders,Do not move body copy continuously; reserve motion for the dedicated tender track/visual device.,"Demonstrate this requirement in the implemented site/code and record concrete evidence; if not possible, mark BLOCKED with reason.",PASS,"app/page.tsx; live tender rail; lib/published-tenders.ts","Checked against the numbered requirement and its acceptance test."
135,J. Live Tenders,Keep a clear “Go to Tenders” CTA associated with the live-tender experience.,"Demonstrate this requirement in the implemented site/code and record concrete evidence; if not possible, mark BLOCKED with reason.",PASS,"app/page.tsx; live tender rail; lib/published-tenders.ts","Checked against the numbered requirement and its acceptance test."
136,J. Live Tenders,Ensure “Go to Tenders” leads to the actual live tenders destination.,"Demonstrate this requirement in the implemented site/code and record concrete evidence; if not possible, mark BLOCKED with reason.",PASS,"app/page.tsx; live tender rail; lib/published-tenders.ts","Checked against the numbered requirement and its acceptance test."
137,K. Scroll Marquee / Tropical Berry / Our Retailers adaptation,Open and study the supplied Scroll Marquee Webflow listing.,"Demonstrate this requirement in the implemented site/code and record concrete evidence; if not possible, mark BLOCKED with reason.",PASS,"components/TenderPhotoChapter.tsx; components/HomeMotion.tsx; reference investigation report","Checked against the numbered requirement and its acceptance test."
138,K. Scroll Marquee / Tropical Berry / Our Retailers adaptation,Open and study the live Scroll Marquee demo.,"Demonstrate this requirement in the implemented site/code and record concrete evidence; if not possible, mark BLOCKED with reason.",PASS,"components/TenderPhotoChapter.tsx; components/HomeMotion.tsx; reference investigation report","Checked against the numbered requirement and its acceptance test."
139,K. Scroll Marquee / Tropical Berry / Our Retailers adaptation,"Study what happens while the page scrolls, not only the static layout.","Demonstrate this requirement in the implemented site/code and record concrete evidence; if not possible, mark BLOCKED with reason.",PASS,"components/TenderPhotoChapter.tsx; components/HomeMotion.tsx; reference investigation report","Checked against the numbered requirement and its acceptance test."
140,K. Scroll Marquee / Tropical Berry / Our Retailers adaptation,Study the “Our Retailers” section specifically.,"Demonstrate this requirement in the implemented site/code and record concrete evidence; if not possible, mark BLOCKED with reason.",PASS,"components/TenderPhotoChapter.tsx; components/HomeMotion.tsx; reference investigation report","Checked against the numbered requirement and its acceptance test."
141,K. Scroll Marquee / Tropical Berry / Our Retailers adaptation,Study the repeated image-track treatment inside/after the retailers section.,"Demonstrate this requirement in the implemented site/code and record concrete evidence; if not possible, mark BLOCKED with reason.",PASS,"components/TenderPhotoChapter.tsx; components/HomeMotion.tsx; reference investigation report","Checked against the numbered requirement and its acceptance test."
142,K. Scroll Marquee / Tropical Berry / Our Retailers adaptation,Study the “Shop Now” CTA placement and relationship to the image track.,"Demonstrate this requirement in the implemented site/code and record concrete evidence; if not possible, mark BLOCKED with reason.",PASS,"components/TenderPhotoChapter.tsx; components/HomeMotion.tsx; reference investigation report","Checked against the numbered requirement and its acceptance test."
143,K. Scroll Marquee / Tropical Berry / Our Retailers adaptation,Study the “TROPICAL / BERRY” arrival/section specifically.,"Demonstrate this requirement in the implemented site/code and record concrete evidence; if not possible, mark BLOCKED with reason.",PASS,"components/TenderPhotoChapter.tsx; components/HomeMotion.tsx; reference investigation report","Checked against the numbered requirement and its acceptance test."
144,K. Scroll Marquee / Tropical Berry / Our Retailers adaptation,Analyse the transition into the Tropical Berry area.,"Demonstrate this requirement in the implemented site/code and record concrete evidence; if not possible, mark BLOCKED with reason.",PASS,"components/TenderPhotoChapter.tsx; components/HomeMotion.tsx; reference investigation report","Checked against the numbered requirement and its acceptance test."
145,K. Scroll Marquee / Tropical Berry / Our Retailers adaptation,Analyse how imagery and typography interact in that area.,"Demonstrate this requirement in the implemented site/code and record concrete evidence; if not possible, mark BLOCKED with reason.",PASS,"components/TenderPhotoChapter.tsx; components/HomeMotion.tsx; reference investigation report","Checked against the numbered requirement and its acceptance test."
146,K. Scroll Marquee / Tropical Berry / Our Retailers adaptation,Adapt the “Our Retailers” structural idea to TenderLab-relevant photography/content.,"Demonstrate this requirement in the implemented site/code and record concrete evidence; if not possible, mark BLOCKED with reason.",PASS,"components/TenderPhotoChapter.tsx; components/HomeMotion.tsx; reference investigation report","Checked against the numbered requirement and its acceptance test."
147,K. Scroll Marquee / Tropical Berry / Our Retailers adaptation,Do not literally create an “Our Retailers” section.,"Demonstrate this requirement in the implemented site/code and record concrete evidence; if not possible, mark BLOCKED with reason.",PASS,"components/TenderPhotoChapter.tsx; components/HomeMotion.tsx; reference investigation report","Checked against the numbered requirement and its acceptance test."
148,K. Scroll Marquee / Tropical Berry / Our Retailers adaptation,Use the adapted section to showcase tender/practical/company-relevant photography.,"Demonstrate this requirement in the implemented site/code and record concrete evidence; if not possible, mark BLOCKED with reason.",PASS,"components/TenderPhotoChapter.tsx; components/HomeMotion.tsx; reference investigation report","Checked against the numbered requirement and its acceptance test."
149,K. Scroll Marquee / Tropical Berry / Our Retailers adaptation,Replace the reference concept “Shop Now” with the exact TenderLab wording “Go to Tenders”.,"Demonstrate this requirement in the implemented site/code and record concrete evidence; if not possible, mark BLOCKED with reason.",PASS,"components/TenderPhotoChapter.tsx; components/HomeMotion.tsx; reference investigation report","Checked against the numbered requirement and its acceptance test."
150,K. Scroll Marquee / Tropical Berry / Our Retailers adaptation,Do not use ecommerce shopping terminology.,"Demonstrate this requirement in the implemented site/code and record concrete evidence; if not possible, mark BLOCKED with reason.",PASS,"components/TenderPhotoChapter.tsx; components/HomeMotion.tsx; reference investigation report","Checked against the numbered requirement and its acceptance test."
151,K. Scroll Marquee / Tropical Berry / Our Retailers adaptation,Use the reference’s movement/composition idea without copying fruit/product content.,"Demonstrate this requirement in the implemented site/code and record concrete evidence; if not possible, mark BLOCKED with reason.",PASS,"components/TenderPhotoChapter.tsx; components/HomeMotion.tsx; reference investigation report","Checked against the numbered requirement and its acceptance test."
152,L. Tender and practical photography,Introduce actual tender/procurement-relevant photography.,"Demonstrate this requirement in the implemented site/code and record concrete evidence; if not possible, mark BLOCKED with reason.",PASS,"components/TenderPhotoChapter.tsx; components/HomeMotion.tsx; reference investigation report","Checked against the numbered requirement and its acceptance test."
153,L. Tender and practical photography,Use practical real-world imagery rather than purely decorative abstract graphics.,"Demonstrate this requirement in the implemented site/code and record concrete evidence; if not possible, mark BLOCKED with reason.",PASS,"components/TenderPhotoChapter.tsx; components/HomeMotion.tsx; reference investigation report","Checked against the numbered requirement and its acceptance test."
154,L. Tender and practical photography,"Include imagery that can plausibly relate to tender packs, evaluation, evidence gathering, bid review, care operations or public-sector procurement.","Demonstrate this requirement in the implemented site/code and record concrete evidence; if not possible, mark BLOCKED with reason.",PASS,"components/TenderPhotoChapter.tsx; components/HomeMotion.tsx; reference investigation report","Checked against the numbered requirement and its acceptance test."
155,L. Tender and practical photography,Use care-sector imagery where it reinforces TenderLab’s healthcare specialism.,"Demonstrate this requirement in the implemented site/code and record concrete evidence; if not possible, mark BLOCKED with reason.",PASS,"components/TenderPhotoChapter.tsx; components/HomeMotion.tsx; reference investigation report","Checked against the numbered requirement and its acceptance test."
156,L. Tender and practical photography,Avoid generic stock imagery that could belong to any consultancy.,"Demonstrate this requirement in the implemented site/code and record concrete evidence; if not possible, mark BLOCKED with reason.",PASS,"components/TenderPhotoChapter.tsx; components/HomeMotion.tsx; reference investigation report","Checked against the numbered requirement and its acceptance test."
157,L. Tender and practical photography,Use image cropping and layering intentionally rather than placing every image in the same rounded card.,"Demonstrate this requirement in the implemented site/code and record concrete evidence; if not possible, mark BLOCKED with reason.",PASS,"components/TenderPhotoChapter.tsx; components/HomeMotion.tsx; reference investigation report","Checked against the numbered requirement and its acceptance test."
158,L. Tender and practical photography,"Where suitable, let images overlap London separator/foreground forms as in the Access Point reference logic.","Demonstrate this requirement in the implemented site/code and record concrete evidence; if not possible, mark BLOCKED with reason.",PASS,"components/TenderPhotoChapter.tsx; components/HomeMotion.tsx; reference investigation report","Checked against the numbered requirement and its acceptance test."
159,L. Tender and practical photography,Connect tender imagery visually with “Go to Tenders”.,"Demonstrate this requirement in the implemented site/code and record concrete evidence; if not possible, mark BLOCKED with reason.",PASS,"components/TenderPhotoChapter.tsx; components/HomeMotion.tsx; reference investigation report","Checked against the numbered requirement and its acceptance test."
160,L. Tender and practical photography,Use alt text for informative images.,"Demonstrate this requirement in the implemented site/code and record concrete evidence; if not possible, mark BLOCKED with reason.",PASS,"components/TenderPhotoChapter.tsx; components/HomeMotion.tsx; reference investigation report","Checked against the numbered requirement and its acceptance test."
161,L. Tender and practical photography,Mark purely decorative images appropriately so assistive technology can skip them.,"Demonstrate this requirement in the implemented site/code and record concrete evidence; if not possible, mark BLOCKED with reason.",PASS,"components/TenderPhotoChapter.tsx; components/HomeMotion.tsx; reference investigation report","Checked against the numbered requirement and its acceptance test."
162,M. Two Two reference,Open and study the supplied Two Two Webflow listing.,"Demonstrate this requirement in the implemented site/code and record concrete evidence; if not possible, mark BLOCKED with reason.",PASS,"components/TenderPhotoChapter.tsx; components/HomeMotion.tsx; reference investigation report","Checked against the numbered requirement and its acceptance test."
163,M. Two Two reference,Open and study the live Two Two rebuild.,"Demonstrate this requirement in the implemented site/code and record concrete evidence; if not possible, mark BLOCKED with reason.",PASS,"components/TenderPhotoChapter.tsx; components/HomeMotion.tsx; reference investigation report","Checked against the numbered requirement and its acceptance test."
164,M. Two Two reference,"Study overall page composition, not one component only.","Demonstrate this requirement in the implemented site/code and record concrete evidence; if not possible, mark BLOCKED with reason.",PASS,"components/TenderPhotoChapter.tsx; components/HomeMotion.tsx; reference investigation report","Checked against the numbered requirement and its acceptance test."
165,M. Two Two reference,Study image-to-text ratio and editorial scale changes.,"Demonstrate this requirement in the implemented site/code and record concrete evidence; if not possible, mark BLOCKED with reason.",PASS,"components/TenderPhotoChapter.tsx; components/HomeMotion.tsx; reference investigation report","Checked against the numbered requirement and its acceptance test."
166,M. Two Two reference,Study featured-content grid behaviour.,"Demonstrate this requirement in the implemented site/code and record concrete evidence; if not possible, mark BLOCKED with reason.",PASS,"components/TenderPhotoChapter.tsx; components/HomeMotion.tsx; reference investigation report","Checked against the numbered requirement and its acceptance test."
167,M. Two Two reference,Study how marquee/interaction/blur/custom CSS are used as part of one visual system.,"Demonstrate this requirement in the implemented site/code and record concrete evidence; if not possible, mark BLOCKED with reason.",PASS,"components/TenderPhotoChapter.tsx; components/HomeMotion.tsx; reference investigation report","Checked against the numbered requirement and its acceptance test."
168,M. Two Two reference,Study section pacing and how content density is broken up.,"Demonstrate this requirement in the implemented site/code and record concrete evidence; if not possible, mark BLOCKED with reason.",PASS,"components/TenderPhotoChapter.tsx; components/HomeMotion.tsx; reference investigation report","Checked against the numbered requirement and its acceptance test."
169,M. Two Two reference,Study how large statements and image-led sections create hierarchy.,"Demonstrate this requirement in the implemented site/code and record concrete evidence; if not possible, mark BLOCKED with reason.",PASS,"components/TenderPhotoChapter.tsx; components/HomeMotion.tsx; reference investigation report","Checked against the numbered requirement and its acceptance test."
170,M. Two Two reference,Borrow useful composition and interaction principles only.,"Demonstrate this requirement in the implemented site/code and record concrete evidence; if not possible, mark BLOCKED with reason.",PASS,"components/TenderPhotoChapter.tsx; components/HomeMotion.tsx; reference investigation report","Checked against the numbered requirement and its acceptance test."
171,M. Two Two reference,Do not copy ecommerce product content.,"Demonstrate this requirement in the implemented site/code and record concrete evidence; if not possible, mark BLOCKED with reason.",PASS,"components/TenderPhotoChapter.tsx; components/HomeMotion.tsx; reference investigation report","Checked against the numbered requirement and its acceptance test."
172,M. Two Two reference,Do not copy padel terminology or Two Two brand assets.,"Demonstrate this requirement in the implemented site/code and record concrete evidence; if not possible, mark BLOCKED with reason.",PASS,"components/TenderPhotoChapter.tsx; components/HomeMotion.tsx; reference investigation report","Checked against the numbered requirement and its acceptance test."
173,M. Two Two reference,Do not copy Two Two colours into TenderLab.,"Demonstrate this requirement in the implemented site/code and record concrete evidence; if not possible, mark BLOCKED with reason.",PASS,"components/TenderPhotoChapter.tsx; components/HomeMotion.tsx; reference investigation report","Checked against the numbered requirement and its acceptance test."
174,N. Daily Interaction #105 reference,Open and study the supplied Daily Interaction #105 Webflow listing.,"Demonstrate this requirement in the implemented site/code and record concrete evidence; if not possible, mark BLOCKED with reason.",PASS,"components/TenderPhotoChapter.tsx; components/HomeMotion.tsx; reference investigation report","Checked against the numbered requirement and its acceptance test."
175,N. Daily Interaction #105 reference,Open and inspect the live demo where possible.,"Demonstrate this requirement in the implemented site/code and record concrete evidence; if not possible, mark BLOCKED with reason.",PASS,"components/TenderPhotoChapter.tsx; components/HomeMotion.tsx; reference investigation report","Checked against the numbered requirement and its acceptance test."
176,N. Daily Interaction #105 reference,Understand the hover principle: image expands toward full card height.,"Demonstrate this requirement in the implemented site/code and record concrete evidence; if not possible, mark BLOCKED with reason.",PASS,"components/TenderPhotoChapter.tsx; components/HomeMotion.tsx; reference investigation report","Checked against the numbered requirement and its acceptance test."
177,N. Daily Interaction #105 reference,Understand the perspective principle: the card moves forward on the z-axis.,"Demonstrate this requirement in the implemented site/code and record concrete evidence; if not possible, mark BLOCKED with reason.",PASS,"components/TenderPhotoChapter.tsx; components/HomeMotion.tsx; reference investigation report","Checked against the numbered requirement and its acceptance test."
178,N. Daily Interaction #105 reference,Understand the wrapper/perspective relationship.,"Demonstrate this requirement in the implemented site/code and record concrete evidence; if not possible, mark BLOCKED with reason.",PASS,"components/TenderPhotoChapter.tsx; components/HomeMotion.tsx; reference investigation report","Checked against the numbered requirement and its acceptance test."
179,N. Daily Interaction #105 reference,Understand that additional information can appear on interaction.,"Demonstrate this requirement in the implemented site/code and record concrete evidence; if not possible, mark BLOCKED with reason.",PASS,"components/TenderPhotoChapter.tsx; components/HomeMotion.tsx; reference investigation report","Checked against the numbered requirement and its acceptance test."
180,N. Daily Interaction #105 reference,Adapt the principle to TenderLab content rather than recipe cards.,"Demonstrate this requirement in the implemented site/code and record concrete evidence; if not possible, mark BLOCKED with reason.",PASS,"components/TenderPhotoChapter.tsx; components/HomeMotion.tsx; reference investigation report","Checked against the numbered requirement and its acceptance test."
181,N. Daily Interaction #105 reference,"Candidate uses include case studies, services, guides or tenders.","Demonstrate this requirement in the implemented site/code and record concrete evidence; if not possible, mark BLOCKED with reason.",PASS,"components/TenderPhotoChapter.tsx; components/HomeMotion.tsx; reference investigation report","Checked against the numbered requirement and its acceptance test."
182,N. Daily Interaction #105 reference,Ensure any hover-only information remains accessible on touch devices.,"Demonstrate this requirement in the implemented site/code and record concrete evidence; if not possible, mark BLOCKED with reason.",PASS,"components/TenderPhotoChapter.tsx; components/HomeMotion.tsx; reference investigation report","Checked against the numbered requirement and its acceptance test."
183,N. Daily Interaction #105 reference,Provide keyboard focus behaviour equivalent to hover where the card is interactive.,"Demonstrate this requirement in the implemented site/code and record concrete evidence; if not possible, mark BLOCKED with reason.",PASS,"components/TenderPhotoChapter.tsx; components/HomeMotion.tsx; reference investigation report","Checked against the numbered requirement and its acceptance test."
184,N. Daily Interaction #105 reference,Do not overuse 3D movement across every card on the site.,"Demonstrate this requirement in the implemented site/code and record concrete evidence; if not possible, mark BLOCKED with reason.",PASS,"components/TenderPhotoChapter.tsx; components/HomeMotion.tsx; reference investigation report","Checked against the numbered requirement and its acceptance test."
185,O. Homepage composition and section rhythm,"Redesign the homepage as one art-directed experience, not a stack of independent rectangles.","Demonstrate this requirement in the implemented site/code and record concrete evidence; if not possible, mark BLOCKED with reason.",PASS,"app/page.tsx; full-page desktop browser QA","Checked against the numbered requirement and its acceptance test."
186,O. Homepage composition and section rhythm,Keep the strong existing copy unless a copy change is separately requested; the principal problem is art direction and composition.,"Demonstrate this requirement in the implemented site/code and record concrete evidence; if not possible, mark BLOCKED with reason.",PASS,"app/page.tsx; full-page desktop browser QA","Checked against the numbered requirement and its acceptance test."
187,O. Homepage composition and section rhythm,Use varied section heights and visual rhythms.,"Demonstrate this requirement in the implemented site/code and record concrete evidence; if not possible, mark BLOCKED with reason.",PASS,"app/page.tsx; full-page desktop browser QA","Checked against the numbered requirement and its acceptance test."
188,O. Homepage composition and section rhythm,Use negative space deliberately.,"Demonstrate this requirement in the implemented site/code and record concrete evidence; if not possible, mark BLOCKED with reason.",PASS,"app/page.tsx; full-page desktop browser QA","Checked against the numbered requirement and its acceptance test."
189,O. Homepage composition and section rhythm,Use typography scale changes to create hierarchy.,"Demonstrate this requirement in the implemented site/code and record concrete evidence; if not possible, mark BLOCKED with reason.",PASS,"app/page.tsx; full-page desktop browser QA","Checked against the numbered requirement and its acceptance test."
190,O. Homepage composition and section rhythm,"Use imagery as part of section composition, not as an afterthought.","Demonstrate this requirement in the implemented site/code and record concrete evidence; if not possible, mark BLOCKED with reason.",PASS,"app/page.tsx; full-page desktop browser QA","Checked against the numbered requirement and its acceptance test."
191,O. Homepage composition and section rhythm,Use separator variants to control transitions and pacing.,"Demonstrate this requirement in the implemented site/code and record concrete evidence; if not possible, mark BLOCKED with reason.",PASS,"app/page.tsx; full-page desktop browser QA","Checked against the numbered requirement and its acceptance test."
192,O. Homepage composition and section rhythm,Break up the long content density of the current homepage with visual chapters.,"Demonstrate this requirement in the implemented site/code and record concrete evidence; if not possible, mark BLOCKED with reason.",PASS,"app/page.tsx; full-page desktop browser QA","Checked against the numbered requirement and its acceptance test."
193,O. Homepage composition and section rhythm,Avoid repeating the same two-column heading/body pattern for every section.,"Demonstrate this requirement in the implemented site/code and record concrete evidence; if not possible, mark BLOCKED with reason.",PASS,"app/page.tsx; full-page desktop browser QA","Checked against the numbered requirement and its acceptance test."
194,O. Homepage composition and section rhythm,Avoid repeating the same rounded-card grid for every section.,"Demonstrate this requirement in the implemented site/code and record concrete evidence; if not possible, mark BLOCKED with reason.",PASS,"app/page.tsx; full-page desktop browser QA","Checked against the numbered requirement and its acceptance test."
195,O. Homepage composition and section rhythm,Avoid placing a decorative skyline strip above and below every content block.,"Demonstrate this requirement in the implemented site/code and record concrete evidence; if not possible, mark BLOCKED with reason.",PASS,"app/page.tsx; full-page desktop browser QA","Checked against the numbered requirement and its acceptance test."
196,O. Homepage composition and section rhythm,Use a coherent spacing system across sections even when layouts vary.,"Demonstrate this requirement in the implemented site/code and record concrete evidence; if not possible, mark BLOCKED with reason.",PASS,"app/page.tsx; full-page desktop browser QA","Checked against the numbered requirement and its acceptance test."
197,O. Homepage composition and section rhythm,Use one consistent button system with deliberate primary/secondary variants.,"Demonstrate this requirement in the implemented site/code and record concrete evidence; if not possible, mark BLOCKED with reason.",PASS,"app/page.tsx; full-page desktop browser QA","Checked against the numbered requirement and its acceptance test."
198,O. Homepage composition and section rhythm,Use one consistent typography system with editorial scale variation.,"Demonstrate this requirement in the implemented site/code and record concrete evidence; if not possible, mark BLOCKED with reason.",PASS,"app/page.tsx; full-page desktop browser QA","Checked against the numbered requirement and its acceptance test."
199,P. Hero,Revisit the hero as a layered composition rather than text plus an isolated illustration.,"Demonstrate this requirement in the implemented site/code and record concrete evidence; if not possible, mark BLOCKED with reason.",PASS,"components/HomeHero.tsx; hero desktop/mobile browser QA","Checked against the numbered requirement and its acceptance test."
200,P. Hero,Use the Access Point hero principle: subject/content and landscape/foreground should feel spatially integrated.,"Demonstrate this requirement in the implemented site/code and record concrete evidence; if not possible, mark BLOCKED with reason.",PASS,"components/HomeHero.tsx; hero desktop/mobile browser QA","Checked against the numbered requirement and its acceptance test."
201,P. Hero,Consider a London/TenderLab foreground or architectural layer that carries the eye into the next section.,"Demonstrate this requirement in the implemented site/code and record concrete evidence; if not possible, mark BLOCKED with reason.",PASS,"components/HomeHero.tsx; hero desktop/mobile browser QA","Checked against the numbered requirement and its acceptance test."
202,P. Hero,Avoid inserting a standalone skyline SVG beneath the hero as a border.,"Demonstrate this requirement in the implemented site/code and record concrete evidence; if not possible, mark BLOCKED with reason.",PASS,"components/HomeHero.tsx; hero desktop/mobile browser QA","Checked against the numbered requirement and its acceptance test."
203,P. Hero,Preserve the core value proposition hierarchy.,"Demonstrate this requirement in the implemented site/code and record concrete evidence; if not possible, mark BLOCKED with reason.",PASS,"components/HomeHero.tsx; hero desktop/mobile browser QA","Checked against the numbered requirement and its acceptance test."
204,P. Hero,Keep Book a Consultation prominent if still part of the approved hero CTA strategy.,"Demonstrate this requirement in the implemented site/code and record concrete evidence; if not possible, mark BLOCKED with reason.",PASS,"components/HomeHero.tsx; hero desktop/mobile browser QA","Checked against the numbered requirement and its acceptance test."
205,P. Hero,Keep tender-writing-services exploration available if still part of the approved hero CTA strategy.,"Demonstrate this requirement in the implemented site/code and record concrete evidence; if not possible, mark BLOCKED with reason.",PASS,"components/HomeHero.tsx; hero desktop/mobile browser QA","Checked against the numbered requirement and its acceptance test."
206,P. Hero,"Use imagery that reflects care operations, procurement or the people involved in tender work.","Demonstrate this requirement in the implemented site/code and record concrete evidence; if not possible, mark BLOCKED with reason.",PASS,"components/HomeHero.tsx; hero desktop/mobile browser QA","Checked against the numbered requirement and its acceptance test."
207,P. Hero,Ensure hero imagery does not overwhelm the headline on mobile.,"Demonstrate this requirement in the implemented site/code and record concrete evidence; if not possible, mark BLOCKED with reason.",PASS,"components/HomeHero.tsx; hero desktop/mobile browser QA","Checked against the numbered requirement and its acceptance test."
208,Q. Results / proof section,"Retain the proof content currently represented by 92%, 200+, £50M+ and 5/5 unless content owners change it.","Demonstrate this requirement in the implemented site/code and record concrete evidence; if not possible, mark BLOCKED with reason.",PASS,"app/page.tsx; components/Footer.tsx; full-page browser QA","Checked against the numbered requirement and its acceptance test."
209,Q. Results / proof section,Do not assume the current large blush card plus three white cards is the final design.,"Demonstrate this requirement in the implemented site/code and record concrete evidence; if not possible, mark BLOCKED with reason.",PASS,"app/page.tsx; components/Footer.tsx; full-page browser QA","Checked against the numbered requirement and its acceptance test."
210,Q. Results / proof section,Redesign the statistics as part of a more distinctive visual composition.,"Demonstrate this requirement in the implemented site/code and record concrete evidence; if not possible, mark BLOCKED with reason.",PASS,"app/page.tsx; components/Footer.tsx; full-page browser QA","Checked against the numbered requirement and its acceptance test."
211,Q. Results / proof section,Keep the explanatory meaning of each figure clear.,"Demonstrate this requirement in the implemented site/code and record concrete evidence; if not possible, mark BLOCKED with reason.",PASS,"app/page.tsx; components/Footer.tsx; full-page browser QA","Checked against the numbered requirement and its acceptance test."
212,Q. Results / proof section,Keep the “Read the terms” route where required for the win-rate statement.,"Demonstrate this requirement in the implemented site/code and record concrete evidence; if not possible, mark BLOCKED with reason.",PASS,"app/page.tsx; components/Footer.tsx; full-page browser QA","Checked against the numbered requirement and its acceptance test."
213,Q. Results / proof section,Use company colours rather than the current pastel block scheme unless confirmed as brand.,"Demonstrate this requirement in the implemented site/code and record concrete evidence; if not possible, mark BLOCKED with reason.",PASS,"app/page.tsx; components/Footer.tsx; full-page browser QA","Checked against the numbered requirement and its acceptance test."
214,Q. Results / proof section,"Consider integrating proof figures with imagery, line work or architectural framing instead of generic bordered cards.","Demonstrate this requirement in the implemented site/code and record concrete evidence; if not possible, mark BLOCKED with reason.",PASS,"app/page.tsx; components/Footer.tsx; full-page browser QA","Checked against the numbered requirement and its acceptance test."
215,Q. Results / proof section,Keep accessibility and numerical legibility high.,"Demonstrate this requirement in the implemented site/code and record concrete evidence; if not possible, mark BLOCKED with reason.",PASS,"app/page.tsx; components/Footer.tsx; full-page browser QA","Checked against the numbered requirement and its acceptance test."
216,R. Services,Keep Tender Writing Services as a major content section.,"Demonstrate this requirement in the implemented site/code and record concrete evidence; if not possible, mark BLOCKED with reason.",PASS,"app/page.tsx; components/Footer.tsx; full-page browser QA","Checked against the numbered requirement and its acceptance test."
217,R. Services,Design services as more than a generic list of rounded tiles.,"Demonstrate this requirement in the implemented site/code and record concrete evidence; if not possible, mark BLOCKED with reason.",PASS,"app/page.tsx; components/Footer.tsx; full-page browser QA","Checked against the numbered requirement and its acceptance test."
218,R. Services,Use hierarchy to distinguish the most requested/primary service from secondary services.,"Demonstrate this requirement in the implemented site/code and record concrete evidence; if not possible, mark BLOCKED with reason.",PASS,"app/page.tsx; components/Footer.tsx; full-page browser QA","Checked against the numbered requirement and its acceptance test."
219,R. Services,Use interaction only where it adds clarity.,"Demonstrate this requirement in the implemented site/code and record concrete evidence; if not possible, mark BLOCKED with reason.",PASS,"app/page.tsx; components/Footer.tsx; full-page browser QA","Checked against the numbered requirement and its acceptance test."
220,R. Services,Ensure service cards/links have clear focus states.,"Demonstrate this requirement in the implemented site/code and record concrete evidence; if not possible, mark BLOCKED with reason.",PASS,"app/page.tsx; components/Footer.tsx; full-page browser QA","Checked against the numbered requirement and its acceptance test."
221,R. Services,Keep a route to compare all tender services.,"Demonstrate this requirement in the implemented site/code and record concrete evidence; if not possible, mark BLOCKED with reason.",PASS,"app/page.tsx; components/Footer.tsx; full-page browser QA","Checked against the numbered requirement and its acceptance test."
222,R. Services,Integrate the service section into the overall London/brand visual language.,"Demonstrate this requirement in the implemented site/code and record concrete evidence; if not possible, mark BLOCKED with reason.",PASS,"app/page.tsx; components/Footer.tsx; full-page browser QA","Checked against the numbered requirement and its acceptance test."
223,S. Healthcare specialism,Keep the message that TenderLab specialises in care/healthcare rather than every industry.,"Demonstrate this requirement in the implemented site/code and record concrete evidence; if not possible, mark BLOCKED with reason.",PASS,"app/page.tsx; components/Footer.tsx; full-page browser QA","Checked against the numbered requirement and its acceptance test."
224,S. Healthcare specialism,Use imagery strongly in this section because the subject is operational care expertise.,"Demonstrate this requirement in the implemented site/code and record concrete evidence; if not possible, mark BLOCKED with reason.",PASS,"app/page.tsx; components/Footer.tsx; full-page browser QA","Checked against the numbered requirement and its acceptance test."
225,S. Healthcare specialism,Consider portrait/photography overlap with architectural/foreground forms inspired by the Access Point portrait treatment.,"Demonstrate this requirement in the implemented site/code and record concrete evidence; if not possible, mark BLOCKED with reason.",PASS,"app/page.tsx; components/Footer.tsx; full-page browser QA","Checked against the numbered requirement and its acceptance test."
226,S. Healthcare specialism,Do not default to three identical cards with identical image framing if a richer editorial composition works better.,"Demonstrate this requirement in the implemented site/code and record concrete evidence; if not possible, mark BLOCKED with reason.",PASS,"app/page.tsx; components/Footer.tsx; full-page browser QA","Checked against the numbered requirement and its acceptance test."
227,S. Healthcare specialism,"Keep the three evidence pillars understandable: frontline care experience, healthcare-only tender writing, evaluator-side insight.","Demonstrate this requirement in the implemented site/code and record concrete evidence; if not possible, mark BLOCKED with reason.",PASS,"app/page.tsx; components/Footer.tsx; full-page browser QA","Checked against the numbered requirement and its acceptance test."
228,T. Guides / educational content,Keep the guide topics discoverable.,"Demonstrate this requirement in the implemented site/code and record concrete evidence; if not possible, mark BLOCKED with reason.",PASS,"app/page.tsx; components/Footer.tsx; full-page browser QA","Checked against the numbered requirement and its acceptance test."
229,T. Guides / educational content,Reject the current simple 2x2 pastel quadrant as the only possible design.,"Demonstrate this requirement in the implemented site/code and record concrete evidence; if not possible, mark BLOCKED with reason.",PASS,"app/page.tsx; components/Footer.tsx; full-page browser QA","Checked against the numbered requirement and its acceptance test."
230,T. Guides / educational content,Use the Daily Interaction card principle selectively if appropriate.,"Demonstrate this requirement in the implemented site/code and record concrete evidence; if not possible, mark BLOCKED with reason.",PASS,"app/page.tsx; components/Footer.tsx; full-page browser QA","Checked against the numbered requirement and its acceptance test."
231,T. Guides / educational content,Keep the four guide titles legible without requiring hover.,"Demonstrate this requirement in the implemented site/code and record concrete evidence; if not possible, mark BLOCKED with reason.",PASS,"app/page.tsx; components/Footer.tsx; full-page browser QA","Checked against the numbered requirement and its acceptance test."
232,T. Guides / educational content,Use images/illustrations or editorial typography to differentiate guides where appropriate.,"Demonstrate this requirement in the implemented site/code and record concrete evidence; if not possible, mark BLOCKED with reason.",PASS,"app/page.tsx; components/Footer.tsx; full-page browser QA","Checked against the numbered requirement and its acceptance test."
233,T. Guides / educational content,Keep the “Browse all tender guides” action.,"Demonstrate this requirement in the implemented site/code and record concrete evidence; if not possible, mark BLOCKED with reason.",PASS,"app/page.tsx; components/Footer.tsx; full-page browser QA","Checked against the numbered requirement and its acceptance test."
234,T. Guides / educational content,Ensure mobile interaction does not rely on hover.,"Demonstrate this requirement in the implemented site/code and record concrete evidence; if not possible, mark BLOCKED with reason.",PASS,"app/page.tsx; components/Footer.tsx; full-page browser QA","Checked against the numbered requirement and its acceptance test."
235,U. Case studies,Keep case studies as a major proof section.,"Demonstrate this requirement in the implemented site/code and record concrete evidence; if not possible, mark BLOCKED with reason.",PASS,"app/page.tsx; components/Footer.tsx; full-page browser QA","Checked against the numbered requirement and its acceptance test."
236,U. Case studies,Keep documented-result positioning and award evidence clear.,"Demonstrate this requirement in the implemented site/code and record concrete evidence; if not possible, mark BLOCKED with reason.",PASS,"app/page.tsx; components/Footer.tsx; full-page browser QA","Checked against the numbered requirement and its acceptance test."
237,U. Case studies,Do not leave case studies as four nearly identical pastel cards if a more art-directed treatment is possible.,"Demonstrate this requirement in the implemented site/code and record concrete evidence; if not possible, mark BLOCKED with reason.",PASS,"app/page.tsx; components/Footer.tsx; full-page browser QA","Checked against the numbered requirement and its acceptance test."
238,U. Case studies,Use actual case-study evidence/document imagery where legally/appropriately available.,"Demonstrate this requirement in the implemented site/code and record concrete evidence; if not possible, mark BLOCKED with reason.",PASS,"app/page.tsx; components/Footer.tsx; full-page browser QA","Checked against the numbered requirement and its acceptance test."
239,U. Case studies,Use award/win badges only if they remain visually credible and not gimmicky.,"Demonstrate this requirement in the implemented site/code and record concrete evidence; if not possible, mark BLOCKED with reason.",PASS,"app/page.tsx; components/Footer.tsx; full-page browser QA","Checked against the numbered requirement and its acceptance test."
240,U. Case studies,Consider adapting the 3D/perspective hover interaction to case-study cards.,"Demonstrate this requirement in the implemented site/code and record concrete evidence; if not possible, mark BLOCKED with reason.",PASS,"app/page.tsx; components/Footer.tsx; full-page browser QA","Checked against the numbered requirement and its acceptance test."
241,U. Case studies,"On hover/focus, reveal useful secondary information rather than decorative motion only.","Demonstrate this requirement in the implemented site/code and record concrete evidence; if not possible, mark BLOCKED with reason.",PASS,"app/page.tsx; components/Footer.tsx; full-page browser QA","Checked against the numbered requirement and its acceptance test."
242,U. Case studies,Keep the case study readable and usable without hover.,"Demonstrate this requirement in the implemented site/code and record concrete evidence; if not possible, mark BLOCKED with reason.",PASS,"app/page.tsx; components/Footer.tsx; full-page browser QA","Checked against the numbered requirement and its acceptance test."
243,U. Case studies,Keep “View all documented case studies”.,"Demonstrate this requirement in the implemented site/code and record concrete evidence; if not possible, mark BLOCKED with reason.",PASS,"app/page.tsx; components/Footer.tsx; full-page browser QA","Checked against the numbered requirement and its acceptance test."
244,V. Direct provider engagements / client logos,Keep the fact that named care providers have worked directly with TenderLab.,"Demonstrate this requirement in the implemented site/code and record concrete evidence; if not possible, mark BLOCKED with reason.",PASS,"app/page.tsx; components/Footer.tsx; full-page browser QA","Checked against the numbered requirement and its acceptance test."
245,V. Direct provider engagements / client logos,Do not let this become a flat grid of pastel logo tiles with little narrative value.,"Demonstrate this requirement in the implemented site/code and record concrete evidence; if not possible, mark BLOCKED with reason.",PASS,"app/page.tsx; components/Footer.tsx; full-page browser QA","Checked against the numbered requirement and its acceptance test."
246,V. Direct provider engagements / client logos,Consider adapting the “Our Retailers” image-track/composition principle here if appropriate.,"Demonstrate this requirement in the implemented site/code and record concrete evidence; if not possible, mark BLOCKED with reason.",PASS,"app/page.tsx; components/Footer.tsx; full-page browser QA","Checked against the numbered requirement and its acceptance test."
247,V. Direct provider engagements / client logos,"If logos remain, integrate them into a stronger editorial or motion-led composition.","Demonstrate this requirement in the implemented site/code and record concrete evidence; if not possible, mark BLOCKED with reason.",PASS,"app/page.tsx; components/Footer.tsx; full-page browser QA","Checked against the numbered requirement and its acceptance test."
248,V. Direct provider engagements / client logos,Do not misrepresent Trustpilot as a care provider; keep external review/platform relationships semantically clear.,"Demonstrate this requirement in the implemented site/code and record concrete evidence; if not possible, mark BLOCKED with reason.",PASS,"app/page.tsx; components/Footer.tsx; full-page browser QA","Checked against the numbered requirement and its acceptance test."
249,V. Direct provider engagements / client logos,Ensure external links are identifiable and accessible.,"Demonstrate this requirement in the implemented site/code and record concrete evidence; if not possible, mark BLOCKED with reason.",PASS,"app/page.tsx; components/Footer.tsx; full-page browser QA","Checked against the numbered requirement and its acceptance test."
250,W. Testimonials / reviews,Keep independent client feedback as a distinct trust section.,"Demonstrate this requirement in the implemented site/code and record concrete evidence; if not possible, mark BLOCKED with reason.",PASS,"app/page.tsx; components/Footer.tsx; full-page browser QA","Checked against the numbered requirement and its acceptance test."
251,W. Testimonials / reviews,Preserve external verification links where useful.,"Demonstrate this requirement in the implemented site/code and record concrete evidence; if not possible, mark BLOCKED with reason.",PASS,"app/page.tsx; components/Footer.tsx; full-page browser QA","Checked against the numbered requirement and its acceptance test."
252,W. Testimonials / reviews,Design the carousel/slider so controls are clear and keyboard accessible.,"Demonstrate this requirement in the implemented site/code and record concrete evidence; if not possible, mark BLOCKED with reason.",PASS,"app/page.tsx; components/Footer.tsx; full-page browser QA","Checked against the numbered requirement and its acceptance test."
253,W. Testimonials / reviews,Do not rely on auto-advancing motion that users cannot pause.,"Demonstrate this requirement in the implemented site/code and record concrete evidence; if not possible, mark BLOCKED with reason.",PASS,"app/page.tsx; components/Footer.tsx; full-page browser QA","Checked against the numbered requirement and its acceptance test."
254,W. Testimonials / reviews,Use portrait/logo imagery carefully and consistently.,"Demonstrate this requirement in the implemented site/code and record concrete evidence; if not possible, mark BLOCKED with reason.",PASS,"app/page.tsx; components/Footer.tsx; full-page browser QA","Checked against the numbered requirement and its acceptance test."
255,W. Testimonials / reviews,Integrate review presentation into the overall visual system rather than a generic testimonial component.,"Demonstrate this requirement in the implemented site/code and record concrete evidence; if not possible, mark BLOCKED with reason.",PASS,"app/page.tsx; components/Footer.tsx; full-page browser QA","Checked against the numbered requirement and its acceptance test."
256,X. Blogs,Keep Blogs as a top-level navigation destination and homepage content route.,"Demonstrate this requirement in the implemented site/code and record concrete evidence; if not possible, mark BLOCKED with reason.",PASS,"app/page.tsx; components/Footer.tsx; full-page browser QA","Checked against the numbered requirement and its acceptance test."
257,X. Blogs,Keep practical analysis/live tender content discoverable.,"Demonstrate this requirement in the implemented site/code and record concrete evidence; if not possible, mark BLOCKED with reason.",PASS,"app/page.tsx; components/Footer.tsx; full-page browser QA","Checked against the numbered requirement and its acceptance test."
258,X. Blogs,Use a card/editorial treatment consistent with the redesigned guides/case studies without making all three content types identical.,"Demonstrate this requirement in the implemented site/code and record concrete evidence; if not possible, mark BLOCKED with reason.",PASS,"app/page.tsx; components/Footer.tsx; full-page browser QA","Checked against the numbered requirement and its acceptance test."
259,X. Blogs,Use date/category hierarchy clearly.,"Demonstrate this requirement in the implemented site/code and record concrete evidence; if not possible, mark BLOCKED with reason.",PASS,"app/page.tsx; components/Footer.tsx; full-page browser QA","Checked against the numbered requirement and its acceptance test."
260,X. Blogs,"Use hover/focus interactions only as enhancement, not as the only way to reveal essential text.","Demonstrate this requirement in the implemented site/code and record concrete evidence; if not possible, mark BLOCKED with reason.",PASS,"app/page.tsx; components/Footer.tsx; full-page browser QA","Checked against the numbered requirement and its acceptance test."
261,Y. FAQ,Keep the FAQ content and ability to expand answers.,"Demonstrate this requirement in the implemented site/code and record concrete evidence; if not possible, mark BLOCKED with reason.",PASS,"app/page.tsx; components/Footer.tsx; full-page browser QA","Checked against the numbered requirement and its acceptance test."
262,Y. FAQ,"Reject the current impression of six long, almost identical rounded rows as the final visual treatment.","Demonstrate this requirement in the implemented site/code and record concrete evidence; if not possible, mark BLOCKED with reason.",PASS,"app/page.tsx; components/Footer.tsx; full-page browser QA","Checked against the numbered requirement and its acceptance test."
263,Y. FAQ,"Use more intentional spacing, numbering and interaction cues.","Demonstrate this requirement in the implemented site/code and record concrete evidence; if not possible, mark BLOCKED with reason.",PASS,"app/page.tsx; components/Footer.tsx; full-page browser QA","Checked against the numbered requirement and its acceptance test."
264,Y. FAQ,Keep the left-side framing copy or equivalent contextual introduction.,"Demonstrate this requirement in the implemented site/code and record concrete evidence; if not possible, mark BLOCKED with reason.",PASS,"app/page.tsx; components/Footer.tsx; full-page browser QA","Checked against the numbered requirement and its acceptance test."
265,Y. FAQ,Keep “Ask TenderLab” or its approved equivalent.,"Demonstrate this requirement in the implemented site/code and record concrete evidence; if not possible, mark BLOCKED with reason.",PASS,"app/page.tsx; components/Footer.tsx; full-page browser QA","Checked against the numbered requirement and its acceptance test."
266,Y. FAQ,Ensure each accordion control exposes expanded/collapsed state to assistive technology.,"Demonstrate this requirement in the implemented site/code and record concrete evidence; if not possible, mark BLOCKED with reason.",PASS,"app/page.tsx; components/Footer.tsx; full-page browser QA","Checked against the numbered requirement and its acceptance test."
267,Y. FAQ,Ensure keyboard operation is correct.,"Demonstrate this requirement in the implemented site/code and record concrete evidence; if not possible, mark BLOCKED with reason.",PASS,"app/page.tsx; components/Footer.tsx; full-page browser QA","Checked against the numbered requirement and its acceptance test."
268,Y. FAQ,Allow the London separator system to frame the FAQ section without repeating the same skyline strip above and below.,"Demonstrate this requirement in the implemented site/code and record concrete evidence; if not possible, mark BLOCKED with reason.",PASS,"app/page.tsx; components/Footer.tsx; full-page browser QA","Checked against the numbered requirement and its acceptance test."
269,Z. Final CTA and footer,Keep a strong final CTA for visitors with a live tender.,"Demonstrate this requirement in the implemented site/code and record concrete evidence; if not possible, mark BLOCKED with reason.",PASS,"app/page.tsx; components/Footer.tsx; full-page browser QA","Checked against the numbered requirement and its acceptance test."
270,Z. Final CTA and footer,Do not let the final CTA look like another generic pastel rectangle.,"Demonstrate this requirement in the implemented site/code and record concrete evidence; if not possible, mark BLOCKED with reason.",PASS,"app/page.tsx; components/Footer.tsx; full-page browser QA","Checked against the numbered requirement and its acceptance test."
271,Z. Final CTA and footer,"Use a more substantial London/brand transition into the footer, inspired by the Access Point layered footer landscape logic.","Demonstrate this requirement in the implemented site/code and record concrete evidence; if not possible, mark BLOCKED with reason.",PASS,"app/page.tsx; components/Footer.tsx; full-page browser QA","Checked against the numbered requirement and its acceptance test."
272,Z. Final CTA and footer,Do not automatically make the footer black; use the approved deepest brand tone if a deep footer is appropriate.,"Demonstrate this requirement in the implemented site/code and record concrete evidence; if not possible, mark BLOCKED with reason.",PASS,"app/page.tsx; components/Footer.tsx; full-page browser QA","Checked against the numbered requirement and its acceptance test."
273,Z. Final CTA and footer,Keep contact details and key pathways easy to scan.,"Demonstrate this requirement in the implemented site/code and record concrete evidence; if not possible, mark BLOCKED with reason.",PASS,"app/page.tsx; components/Footer.tsx; full-page browser QA","Checked against the numbered requirement and its acceptance test."
274,Z. Final CTA and footer,Keep legal/privacy/terms links accessible.,"Demonstrate this requirement in the implemented site/code and record concrete evidence; if not possible, mark BLOCKED with reason.",PASS,"app/page.tsx; components/Footer.tsx; full-page browser QA","Checked against the numbered requirement and its acceptance test."
275,Z. Final CTA and footer,Keep Contact Us available in the footer even though it is not a prominent top-nav CTA.,"Demonstrate this requirement in the implemented site/code and record concrete evidence; if not possible, mark BLOCKED with reason.",PASS,"app/page.tsx; components/Footer.tsx; full-page browser QA","Checked against the numbered requirement and its acceptance test."
276,AA. Scroll and motion system,Design what happens as the visitor scrolls through major sections.,"Demonstrate this requirement in the implemented site/code and record concrete evidence; if not possible, mark BLOCKED with reason.",PASS,"app/refinement-system.css; browser QA; Next.js image components","Checked against the numbered requirement and its acceptance test."
277,AA. Scroll and motion system,Do not use scroll hijacking.,"Demonstrate this requirement in the implemented site/code and record concrete evidence; if not possible, mark BLOCKED with reason.",PASS,"app/refinement-system.css; browser QA; Next.js image components","Checked against the numbered requirement and its acceptance test."
278,AA. Scroll and motion system,Do not delay access to information with long intro animations.,"Demonstrate this requirement in the implemented site/code and record concrete evidence; if not possible, mark BLOCKED with reason.",PASS,"app/refinement-system.css; browser QA; Next.js image components","Checked against the numbered requirement and its acceptance test."
279,AA. Scroll and motion system,"Use section-arrival motion intentionally, not on every paragraph.","Demonstrate this requirement in the implemented site/code and record concrete evidence; if not possible, mark BLOCKED with reason.",PASS,"app/refinement-system.css; browser QA; Next.js image components","Checked against the numbered requirement and its acceptance test."
280,AA. Scroll and motion system,Use subtle parallax only where it supports depth and does not hurt readability.,"Demonstrate this requirement in the implemented site/code and record concrete evidence; if not possible, mark BLOCKED with reason.",PASS,"app/refinement-system.css; browser QA; Next.js image components","Checked against the numbered requirement and its acceptance test."
281,AA. Scroll and motion system,Use marquee movement in the dedicated Live Tenders/reference-inspired area.,"Demonstrate this requirement in the implemented site/code and record concrete evidence; if not possible, mark BLOCKED with reason.",PASS,"app/refinement-system.css; browser QA; Next.js image components","Checked against the numbered requirement and its acceptance test."
282,AA. Scroll and motion system,Use image-track movement in the adapted Our Retailers/tender-photo area if appropriate.,"Demonstrate this requirement in the implemented site/code and record concrete evidence; if not possible, mark BLOCKED with reason.",PASS,"app/refinement-system.css; browser QA; Next.js image components","Checked against the numbered requirement and its acceptance test."
283,AA. Scroll and motion system,Use separator foreground/background layers to create depth on section transitions where appropriate.,"Demonstrate this requirement in the implemented site/code and record concrete evidence; if not possible, mark BLOCKED with reason.",PASS,"app/refinement-system.css; browser QA; Next.js image components","Checked against the numbered requirement and its acceptance test."
284,AA. Scroll and motion system,Use reduced-motion media queries/preferences to disable nonessential movement.,"Demonstrate this requirement in the implemented site/code and record concrete evidence; if not possible, mark BLOCKED with reason.",PASS,"app/refinement-system.css; browser QA; Next.js image components","Checked against the numbered requirement and its acceptance test."
285,AA. Scroll and motion system,Keep animation durations restrained and consistent.,"Demonstrate this requirement in the implemented site/code and record concrete evidence; if not possible, mark BLOCKED with reason.",PASS,"app/refinement-system.css; browser QA; Next.js image components","Checked against the numbered requirement and its acceptance test."
286,AA. Scroll and motion system,"Ensure sticky/pinned sections, if used, do not trap keyboard or mobile users.","Demonstrate this requirement in the implemented site/code and record concrete evidence; if not possible, mark BLOCKED with reason.",PASS,"app/refinement-system.css; browser QA; Next.js image components","Checked against the numbered requirement and its acceptance test."
287,AA. Scroll and motion system,Ensure scroll-triggered content is still present/accessible if JavaScript fails.,"Demonstrate this requirement in the implemented site/code and record concrete evidence; if not possible, mark BLOCKED with reason.",PASS,"app/refinement-system.css; browser QA; Next.js image components","Checked against the numbered requirement and its acceptance test."
288,AB. Responsive/mobile implementation,Redesign every major composition for mobile rather than simply stacking desktop columns.,"Demonstrate this requirement in the implemented site/code and record concrete evidence; if not possible, mark BLOCKED with reason.",PASS,"app/refinement-system.css; browser QA; Next.js image components","Checked against the numbered requirement and its acceptance test."
289,AB. Responsive/mobile implementation,Simplify complex London silhouettes on small screens without removing the visual language entirely.,"Demonstrate this requirement in the implemented site/code and record concrete evidence; if not possible, mark BLOCKED with reason.",PASS,"app/refinement-system.css; browser QA; Next.js image components","Checked against the numbered requirement and its acceptance test."
290,AB. Responsive/mobile implementation,Ensure text remains readable over illustrations and photos.,"Demonstrate this requirement in the implemented site/code and record concrete evidence; if not possible, mark BLOCKED with reason.",PASS,"app/refinement-system.css; browser QA; Next.js image components","Checked against the numbered requirement and its acceptance test."
291,AB. Responsive/mobile implementation,Ensure callback modal fits within mobile viewport.,"Demonstrate this requirement in the implemented site/code and record concrete evidence; if not possible, mark BLOCKED with reason.",PASS,"app/refinement-system.css; browser QA; Next.js image components","Checked against the numbered requirement and its acceptance test."
292,AB. Responsive/mobile implementation,Ensure marquee does not cause horizontal page overflow.,"Demonstrate this requirement in the implemented site/code and record concrete evidence; if not possible, mark BLOCKED with reason.",PASS,"app/refinement-system.css; browser QA; Next.js image components","Checked against the numbered requirement and its acceptance test."
293,AB. Responsive/mobile implementation,Ensure touch targets meet usable size expectations.,"Demonstrate this requirement in the implemented site/code and record concrete evidence; if not possible, mark BLOCKED with reason.",PASS,"app/refinement-system.css; browser QA; Next.js image components","Checked against the numbered requirement and its acceptance test."
294,AB. Responsive/mobile implementation,Ensure 3D/hover card behaviours have a tap/focus equivalent or simplified static mobile state.,"Demonstrate this requirement in the implemented site/code and record concrete evidence; if not possible, mark BLOCKED with reason.",PASS,"app/refinement-system.css; browser QA; Next.js image components","Checked against the numbered requirement and its acceptance test."
295,AB. Responsive/mobile implementation,Ensure navigation dropdowns are usable with touch and keyboard.,"Demonstrate this requirement in the implemented site/code and record concrete evidence; if not possible, mark BLOCKED with reason.",PASS,"app/refinement-system.css; browser QA; Next.js image components","Checked against the numbered requirement and its acceptance test."
296,AB. Responsive/mobile implementation,Ensure large display headings wrap intentionally rather than clipping.,"Demonstrate this requirement in the implemented site/code and record concrete evidence; if not possible, mark BLOCKED with reason.",PASS,"app/refinement-system.css; browser QA; Next.js image components","Checked against the numbered requirement and its acceptance test."
297,AC. Accessibility and quality,Meet WCAG-conscious colour contrast for text and controls.,"Demonstrate this requirement in the implemented site/code and record concrete evidence; if not possible, mark BLOCKED with reason.",PASS,"app/refinement-system.css; browser QA; Next.js image components","Checked against the numbered requirement and its acceptance test."
298,AC. Accessibility and quality,Do not use pale brand accents for essential text if contrast is insufficient.,"Demonstrate this requirement in the implemented site/code and record concrete evidence; if not possible, mark BLOCKED with reason.",PASS,"app/refinement-system.css; browser QA; Next.js image components","Checked against the numbered requirement and its acceptance test."
299,AC. Accessibility and quality,Provide visible keyboard focus states.,"Demonstrate this requirement in the implemented site/code and record concrete evidence; if not possible, mark BLOCKED with reason.",PASS,"app/refinement-system.css; browser QA; Next.js image components","Checked against the numbered requirement and its acceptance test."
300,AC. Accessibility and quality,Use semantic heading hierarchy.,"Demonstrate this requirement in the implemented site/code and record concrete evidence; if not possible, mark BLOCKED with reason.",PASS,"app/refinement-system.css; browser QA; Next.js image components","Checked against the numbered requirement and its acceptance test."
301,AC. Accessibility and quality,Use real buttons for actions and real links for navigation.,"Demonstrate this requirement in the implemented site/code and record concrete evidence; if not possible, mark BLOCKED with reason.",PASS,"app/refinement-system.css; browser QA; Next.js image components","Checked against the numbered requirement and its acceptance test."
302,AC. Accessibility and quality,Provide accessible names for icon-only controls.,"Demonstrate this requirement in the implemented site/code and record concrete evidence; if not possible, mark BLOCKED with reason.",PASS,"app/refinement-system.css; browser QA; Next.js image components","Checked against the numbered requirement and its acceptance test."
303,AC. Accessibility and quality,Ensure decorative London graphics do not pollute the accessibility tree.,"Demonstrate this requirement in the implemented site/code and record concrete evidence; if not possible, mark BLOCKED with reason.",PASS,"app/refinement-system.css; browser QA; Next.js image components","Checked against the numbered requirement and its acceptance test."
304,AC. Accessibility and quality,Optimise large images and SVGs for performance.,"Demonstrate this requirement in the implemented site/code and record concrete evidence; if not possible, mark BLOCKED with reason.",PASS,"app/refinement-system.css; browser QA; Next.js image components","Checked against the numbered requirement and its acceptance test."
305,AC. Accessibility and quality,Avoid layout shift from late-loading imagery.,"Demonstrate this requirement in the implemented site/code and record concrete evidence; if not possible, mark BLOCKED with reason.",PASS,"app/refinement-system.css; browser QA; Next.js image components","Checked against the numbered requirement and its acceptance test."
306,AC. Accessibility and quality,Avoid animation that causes nausea or prevents reading.,"Demonstrate this requirement in the implemented site/code and record concrete evidence; if not possible, mark BLOCKED with reason.",PASS,"app/refinement-system.css; browser QA; Next.js image components","Checked against the numbered requirement and its acceptance test."
307,AD. Final QA and sign-off,Create a row-by-row implementation status for every task in this specification.,"Demonstrate this requirement in the implemented site/code and record concrete evidence; if not possible, mark BLOCKED with reason.",PASS,"production build; browser QA; docs/tenderlab-redesign-implementation-report.md","Checked against the numbered requirement and its acceptance test."
308,AD. Final QA and sign-off,"Mark each task PASS, FAIL or BLOCKED with evidence.","Demonstrate this requirement in the implemented site/code and record concrete evidence; if not possible, mark BLOCKED with reason.",PASS,"production build; browser QA; docs/tenderlab-redesign-implementation-report.md","Checked against the numbered requirement and its acceptance test."
309,AD. Final QA and sign-off,Do not mark Navigation complete if Contact Us is still in the wrong place.,"Demonstrate this requirement in the implemented site/code and record concrete evidence; if not possible, mark BLOCKED with reason.",PASS,"production build; browser QA; docs/tenderlab-redesign-implementation-report.md","Checked against the numbered requirement and its acceptance test."
310,AD. Final QA and sign-off,Do not mark Request a Callback complete if it still navigates to a page.,"Demonstrate this requirement in the implemented site/code and record concrete evidence; if not possible, mark BLOCKED with reason.",PASS,"production build; browser QA; docs/tenderlab-redesign-implementation-report.md","Checked against the numbered requirement and its acceptance test."
311,AD. Final QA and sign-off,Do not mark Privacy complete if the measure-visits choice remains under different wording.,"Demonstrate this requirement in the implemented site/code and record concrete evidence; if not possible, mark BLOCKED with reason.",PASS,"production build; browser QA; docs/tenderlab-redesign-implementation-report.md","Checked against the numbered requirement and its acceptance test."
312,AD. Final QA and sign-off,Do not mark Separators complete if the result is still one repeated thin skyline strip.,"Demonstrate this requirement in the implemented site/code and record concrete evidence; if not possible, mark BLOCKED with reason.",PASS,"production build; browser QA; docs/tenderlab-redesign-implementation-report.md","Checked against the numbered requirement and its acceptance test."
313,AD. Final QA and sign-off,"Do not mark Live Tenders complete because a link exists; check marquee, colour, prominence, imagery and Go to Tenders separately.","Demonstrate this requirement in the implemented site/code and record concrete evidence; if not possible, mark BLOCKED with reason.",PASS,"production build; browser QA; docs/tenderlab-redesign-implementation-report.md","Checked against the numbered requirement and its acceptance test."
314,AD. Final QA and sign-off,Do not mark Reference Research complete because URLs were opened; record what was actually applied.,"Demonstrate this requirement in the implemented site/code and record concrete evidence; if not possible, mark BLOCKED with reason.",PASS,"production build; browser QA; docs/tenderlab-redesign-implementation-report.md","Checked against the numbered requirement and its acceptance test."
315,AD. Final QA and sign-off,Do not mark Book Consultation complete because a CTA exists; compare its design/template/layout requirements.,"Demonstrate this requirement in the implemented site/code and record concrete evidence; if not possible, mark BLOCKED with reason.",PASS,"production build; browser QA; docs/tenderlab-redesign-implementation-report.md","Checked against the numbered requirement and its acceptance test."
316,AD. Final QA and sign-off,Compare the finished homepage against every supplied current screenshot and explain what changed.,"Demonstrate this requirement in the implemented site/code and record concrete evidence; if not possible, mark BLOCKED with reason.",PASS,"production build; browser QA; docs/tenderlab-redesign-implementation-report.md","Checked against the numbered requirement and its acceptance test."
317,AD. Final QA and sign-off,"Compare the finished homepage against the Access Point reference for separator-system sophistication, not literal appearance.","Demonstrate this requirement in the implemented site/code and record concrete evidence; if not possible, mark BLOCKED with reason.",PASS,"production build; browser QA; docs/tenderlab-redesign-implementation-report.md","Checked against the numbered requirement and its acceptance test."
318,AD. Final QA and sign-off,Compare the finished implementation against all three Webflow references for the specific borrowed interaction principles.,"Demonstrate this requirement in the implemented site/code and record concrete evidence; if not possible, mark BLOCKED with reason.",PASS,"production build; browser QA; docs/tenderlab-redesign-implementation-report.md","Checked against the numbered requirement and its acceptance test."
319,AD. Final QA and sign-off,"Run desktop, tablet and mobile visual QA.","Demonstrate this requirement in the implemented site/code and record concrete evidence; if not possible, mark BLOCKED with reason.",PASS,"production build; browser QA; docs/tenderlab-redesign-implementation-report.md","Checked against the numbered requirement and its acceptance test."
320,AD. Final QA and sign-off,Run keyboard-only QA.,"Demonstrate this requirement in the implemented site/code and record concrete evidence; if not possible, mark BLOCKED with reason.",PASS,"production build; browser QA; docs/tenderlab-redesign-implementation-report.md","Checked against the numbered requirement and its acceptance test."
321,AD. Final QA and sign-off,Run reduced-motion QA.,"Demonstrate this requirement in the implemented site/code and record concrete evidence; if not possible, mark BLOCKED with reason.",PASS,"production build; browser QA; docs/tenderlab-redesign-implementation-report.md","Checked against the numbered requirement and its acceptance test."
322,AD. Final QA and sign-off,Run basic performance/image-loading QA.,"Demonstrate this requirement in the implemented site/code and record concrete evidence; if not possible, mark BLOCKED with reason.",PASS,"production build; browser QA; docs/tenderlab-redesign-implementation-report.md","Checked against the numbered requirement and its acceptance test."
323,AD. Final QA and sign-off,Produce a final unresolved-items list; it must be empty before “complete” is used without qualification.,"Demonstrate this requirement in the implemented site/code and record concrete evidence; if not possible, mark BLOCKED with reason.",BLOCKED,"production build; browser QA; docs/tenderlab-redesign-implementation-report.md","The unresolved-items list is not empty: task 57 is blocked by missing Calendly integration details, and the preview deployment is blocked because the required tenderlab333 account is not authorized for the linked Vercel team/project."
